wav_path,emotion,prompt_id,tts
output/sentences/azure/fold_1_en-US-JennyNeural/13.wav,disgusted,idx13,azure
output/sentences/azure/fold_2_en-US-DavisNeural/13.wav,disgusted,idx13,azure
output/sentences/azure/fold_3_en-US-GuyNeural/13.wav,disgusted,idx13,azure
output/sentences/azure/fold_4_en-US-AriaNeural/13.wav,disgusted,idx13,azure
output/sentences/azure/fold_5_en-US-SaraNeural/13.wav,disgusted,idx13,azure
output/sentences/cosyvoice2/fold_1_nova/13.wav,disgusted,idx13,cosyvoice2
output/sentences/cosyvoice2/fold_2_coral/13.wav,disgusted,idx13,cosyvoice2
output/sentences/cosyvoice2/fold_3_echo/13.wav,disgusted,idx13,cosyvoice2
output/sentences/cosyvoice2/fold_4_onyx/13.wav,disgusted,idx13,cosyvoice2
output/sentences/cosyvoice2/fold_5_verse/13.wav,disgusted,idx13,cosyvoice2
output/sentences/genai/fold_1_zephyr/13.wav,disgusted,idx13,genai
output/sentences/genai/fold_2_leda/13.wav,disgusted,idx13,genai
output/sentences/genai/fold_3_fenrir/13.wav,disgusted,idx13,genai
output/sentences/genai/fold_4_kore/13.wav,disgusted,idx13,genai
output/sentences/genai/fold_5_charon/13.wav,disgusted,idx13,genai
output/sentences/openai/fold_1_nova/13.wav,disgusted,idx13,openai
output/sentences/openai/fold_2_coral/13.wav,disgusted,idx13,openai
output/sentences/openai/fold_3_echo/13.wav,disgusted,idx13,openai
output/sentences/openai/fold_4_onyx/13.wav,disgusted,idx13,openai
output/sentences/openai/fold_5_verse/13.wav,disgusted,idx13,openai
output/sentences/azure/fold_1_en-US-JennyNeural/52.wav,sad,idx52,azure
output/sentences/azure/fold_2_en-US-DavisNeural/52.wav,sad,idx52,azure
output/sentences/azure/fold_3_en-US-GuyNeural/52.wav,sad,idx52,azure
output/sentences/azure/fold_4_en-US-AriaNeural/52.wav,sad,idx52,azure
output/sentences/azure/fold_5_en-US-SaraNeural/52.wav,sad,idx52,azure
output/sentences/cosyvoice2/fold_1_nova/52.wav,sad,idx52,cosyvoice2
output/sentences/cosyvoice2/fold_2_coral/52.wav,sad,idx52,cosyvoice2
output/sentences/cosyvoice2/fold_3_echo/52.wav,sad,idx52,cosyvoice2
output/sentences/cosyvoice2/fold_4_onyx/52.wav,sad,idx52,cosyvoice2
output/sentences/cosyvoice2/fold_5_verse/52.wav,sad,idx52,cosyvoice2
output/sentences/genai/fold_1_zephyr/52.wav,sad,idx52,genai
output/sentences/genai/fold_2_leda/52.wav,sad,idx52,genai
output/sentences/genai/fold_3_fenrir/52.wav,sad,idx52,genai
output/sentences/genai/fold_4_kore/52.wav,sad,idx52,genai
output/sentences/genai/fold_5_charon/52.wav,sad,idx52,genai
output/sentences/openai/fold_1_nova/52.wav,sad,idx52,openai
output/sentences/openai/fold_2_coral/52.wav,sad,idx52,openai
output/sentences/openai/fold_3_echo/52.wav,sad,idx52,openai
output/sentences/openai/fold_4_onyx/52.wav,sad,idx52,openai
output/sentences/openai/fold_5_verse/52.wav,sad,idx52,openai
output/sentences/azure/fold_1_en-US-JennyNeural/22.wav,fearful,idx22,azure
output/sentences/azure/fold_2_en-US-DavisNeural/22.wav,fearful,idx22,azure
output/sentences/azure/fold_3_en-US-GuyNeural/22.wav,fearful,idx22,azure
output/sentences/azure/fold_4_en-US-AriaNeural/22.wav,fearful,idx22,azure
output/sentences/azure/fold_5_en-US-SaraNeural/22.wav,fearful,idx22,azure
output/sentences/cosyvoice2/fold_1_nova/22.wav,fearful,idx22,cosyvoice2
output/sentences/cosyvoice2/fold_2_coral/22.wav,fearful,idx22,cosyvoice2
output/sentences/cosyvoice2/fold_3_echo/22.wav,fearful,idx22,cosyvoice2
output/sentences/cosyvoice2/fold_4_onyx/22.wav,fearful,idx22,cosyvoice2
output/sentences/cosyvoice2/fold_5_verse/22.wav,fearful,idx22,cosyvoice2
output/sentences/genai/fold_1_zephyr/22.wav,fearful,idx22,genai
output/sentences/genai/fold_2_leda/22.wav,fearful,idx22,genai
output/sentences/genai/fold_3_fenrir/22.wav,fearful,idx22,genai
output/sentences/genai/fold_4_kore/22.wav,fearful,idx22,genai
output/sentences/genai/fold_5_charon/22.wav,fearful,idx22,genai
output/sentences/openai/fold_1_nova/22.wav,fearful,idx22,openai
output/sentences/openai/fold_2_coral/22.wav,fearful,idx22,openai
output/sentences/openai/fold_3_echo/22.wav,fearful,idx22,openai
output/sentences/openai/fold_4_onyx/22.wav,fearful,idx22,openai
output/sentences/openai/fold_5_verse/22.wav,fearful,idx22,openai
output/sentences/azure/fold_1_en-US-JennyNeural/42.wav,neutral,idx42,azure
output/sentences/azure/fold_2_en-US-DavisNeural/42.wav,neutral,idx42,azure
output/sentences/azure/fold_3_en-US-GuyNeural/42.wav,neutral,idx42,azure
output/sentences/azure/fold_4_en-US-AriaNeural/42.wav,neutral,idx42,azure
output/sentences/azure/fold_5_en-US-SaraNeural/42.wav,neutral,idx42,azure
output/sentences/cosyvoice2/fold_1_nova/42.wav,neutral,idx42,cosyvoice2
output/sentences/cosyvoice2/fold_2_coral/42.wav,neutral,idx42,cosyvoice2
output/sentences/cosyvoice2/fold_3_echo/42.wav,neutral,idx42,cosyvoice2
output/sentences/cosyvoice2/fold_4_onyx/42.wav,neutral,idx42,cosyvoice2
output/sentences/cosyvoice2/fold_5_verse/42.wav,neutral,idx42,cosyvoice2
output/sentences/genai/fold_1_zephyr/42.wav,neutral,idx42,genai
output/sentences/genai/fold_2_leda/42.wav,neutral,idx42,genai
output/sentences/genai/fold_3_fenrir/42.wav,neutral,idx42,genai
output/sentences/genai/fold_4_kore/42.wav,neutral,idx42,genai
output/sentences/genai/fold_5_charon/42.wav,neutral,idx42,genai
output/sentences/openai/fold_1_nova/42.wav,neutral,idx42,openai
output/sentences/openai/fold_2_coral/42.wav,neutral,idx42,openai
output/sentences/openai/fold_3_echo/42.wav,neutral,idx42,openai
output/sentences/openai/fold_4_onyx/42.wav,neutral,idx42,openai
output/sentences/openai/fold_5_verse/42.wav,neutral,idx42,openai
output/sentences/azure/fold_1_en-US-JennyNeural/33.wav,happy,idx33,azure
output/sentences/azure/fold_2_en-US-DavisNeural/33.wav,happy,idx33,azure
output/sentences/azure/fold_3_en-US-GuyNeural/33.wav,happy,idx33,azure
output/sentences/azure/fold_4_en-US-AriaNeural/33.wav,happy,idx33,azure
output/sentences/azure/fold_5_en-US-SaraNeural/33.wav,happy,idx33,azure
output/sentences/cosyvoice2/fold_1_nova/33.wav,happy,idx33,cosyvoice2
output/sentences/cosyvoice2/fold_2_coral/33.wav,happy,idx33,cosyvoice2
output/sentences/cosyvoice2/fold_3_echo/33.wav,happy,idx33,cosyvoice2
output/sentences/cosyvoice2/fold_4_onyx/33.wav,happy,idx33,cosyvoice2
output/sentences/cosyvoice2/fold_5_verse/33.wav,happy,idx33,cosyvoice2
output/sentences/genai/fold_1_zephyr/33.wav,happy,idx33,genai
output/sentences/genai/fold_2_leda/33.wav,happy,idx33,genai
output/sentences/genai/fold_3_fenrir/33.wav,happy,idx33,genai
output/sentences/genai/fold_4_kore/33.wav,happy,idx33,genai
output/sentences/genai/fold_5_charon/33.wav,happy,idx33,genai
output/sentences/openai/fold_1_nova/33.wav,happy,idx33,openai
output/sentences/openai/fold_2_coral/33.wav,happy,idx33,openai
output/sentences/openai/fold_3_echo/33.wav,happy,idx33,openai
output/sentences/openai/fold_4_onyx/33.wav,happy,idx33,openai
output/sentences/openai/fold_5_verse/33.wav,happy,idx33,openai
output/sentences/azure/fold_1_en-US-JennyNeural/1.wav,angry,idx1,azure
output/sentences/azure/fold_2_en-US-DavisNeural/1.wav,angry,idx1,azure
output/sentences/azure/fold_3_en-US-GuyNeural/1.wav,angry,idx1,azure
output/sentences/azure/fold_4_en-US-AriaNeural/1.wav,angry,idx1,azure
output/sentences/azure/fold_5_en-US-SaraNeural/1.wav,angry,idx1,azure
output/sentences/cosyvoice2/fold_1_nova/1.wav,angry,idx1,cosyvoice2
output/sentences/cosyvoice2/fold_2_coral/1.wav,angry,idx1,cosyvoice2
output/sentences/cosyvoice2/fold_3_echo/1.wav,angry,idx1,cosyvoice2
output/sentences/cosyvoice2/fold_4_onyx/1.wav,angry,idx1,cosyvoice2
output/sentences/cosyvoice2/fold_5_verse/1.wav,angry,idx1,cosyvoice2
output/sentences/genai/fold_1_zephyr/1.wav,angry,idx1,genai
output/sentences/genai/fold_2_leda/1.wav,angry,idx1,genai
output/sentences/genai/fold_3_fenrir/1.wav,angry,idx1,genai
output/sentences/genai/fold_4_kore/1.wav,angry,idx1,genai
output/sentences/genai/fold_5_charon/1.wav,angry,idx1,genai
output/sentences/openai/fold_1_nova/1.wav,angry,idx1,openai
output/sentences/openai/fold_2_coral/1.wav,angry,idx1,openai
output/sentences/openai/fold_3_echo/1.wav,angry,idx1,openai
output/sentences/openai/fold_4_onyx/1.wav,angry,idx1,openai
output/sentences/openai/fold_5_verse/1.wav,angry,idx1,openai
output/sentences/azure/fold_1_en-US-JennyNeural/25.wav,fearful,idx25,azure
output/sentences/azure/fold_2_en-US-DavisNeural/25.wav,fearful,idx25,azure
output/sentences/azure/fold_3_en-US-GuyNeural/25.wav,fearful,idx25,azure
output/sentences/azure/fold_4_en-US-AriaNeural/25.wav,fearful,idx25,azure
output/sentences/azure/fold_5_en-US-SaraNeural/25.wav,fearful,idx25,azure
output/sentences/cosyvoice2/fold_1_nova/25.wav,fearful,idx25,cosyvoice2
output/sentences/cosyvoice2/fold_2_coral/25.wav,fearful,idx25,cosyvoice2
output/sentences/cosyvoice2/fold_3_echo/25.wav,fearful,idx25,cosyvoice2
output/sentences/cosyvoice2/fold_4_onyx/25.wav,fearful,idx25,cosyvoice2
output/sentences/cosyvoice2/fold_5_verse/25.wav,fearful,idx25,cosyvoice2
output/sentences/genai/fold_1_zephyr/25.wav,fearful,idx25,genai
output/sentences/genai/fold_2_leda/25.wav,fearful,idx25,genai
output/sentences/genai/fold_3_fenrir/25.wav,fearful,idx25,genai
output/sentences/genai/fold_4_kore/25.wav,fearful,idx25,genai
output/sentences/genai/fold_5_charon/25.wav,fearful,idx25,genai
output/sentences/openai/fold_1_nova/25.wav,fearful,idx25,openai
output/sentences/openai/fold_2_coral/25.wav,fearful,idx25,openai
output/sentences/openai/fold_3_echo/25.wav,fearful,idx25,openai
output/sentences/openai/fold_4_onyx/25.wav,fearful,idx25,openai
output/sentences/openai/fold_5_verse/25.wav,fearful,idx25,openai
output/sentences/azure/fold_1_en-US-JennyNeural/27.wav,fearful,idx27,azure
output/sentences/azure/fold_2_en-US-DavisNeural/27.wav,fearful,idx27,azure
output/sentences/azure/fold_3_en-US-GuyNeural/27.wav,fearful,idx27,azure
output/sentences/azure/fold_4_en-US-AriaNeural/27.wav,fearful,idx27,azure
output/sentences/azure/fold_5_en-US-SaraNeural/27.wav,fearful,idx27,azure
output/sentences/cosyvoice2/fold_1_nova/27.wav,fearful,idx27,cosyvoice2
output/sentences/cosyvoice2/fold_2_coral/27.wav,fearful,idx27,cosyvoice2
output/sentences/cosyvoice2/fold_3_echo/27.wav,fearful,idx27,cosyvoice2
output/sentences/cosyvoice2/fold_4_onyx/27.wav,fearful,idx27,cosyvoice2
output/sentences/cosyvoice2/fold_5_verse/27.wav,fearful,idx27,cosyvoice2
output/sentences/genai/fold_1_zephyr/27.wav,fearful,idx27,genai
output/sentences/genai/fold_2_leda/27.wav,fearful,idx27,genai
output/sentences/genai/fold_3_fenrir/27.wav,fearful,idx27,genai
output/sentences/genai/fold_4_kore/27.wav,fearful,idx27,genai
output/sentences/genai/fold_5_charon/27.wav,fearful,idx27,genai
output/sentences/openai/fold_1_nova/27.wav,fearful,idx27,openai
output/sentences/openai/fold_2_coral/27.wav,fearful,idx27,openai
output/sentences/openai/fold_3_echo/27.wav,fearful,idx27,openai
output/sentences/openai/fold_4_onyx/27.wav,fearful,idx27,openai
output/sentences/openai/fold_5_verse/27.wav,fearful,idx27,openai
output/sentences/azure/fold_1_en-US-JennyNeural/20.wav,disgusted,idx20,azure
output/sentences/azure/fold_2_en-US-DavisNeural/20.wav,disgusted,idx20,azure
output/sentences/azure/fold_3_en-US-GuyNeural/20.wav,disgusted,idx20,azure
output/sentences/azure/fold_4_en-US-AriaNeural/20.wav,disgusted,idx20,azure
output/sentences/azure/fold_5_en-US-SaraNeural/20.wav,disgusted,idx20,azure
output/sentences/cosyvoice2/fold_1_nova/20.wav,disgusted,idx20,cosyvoice2
output/sentences/cosyvoice2/fold_2_coral/20.wav,disgusted,idx20,cosyvoice2
output/sentences/cosyvoice2/fold_3_echo/20.wav,disgusted,idx20,cosyvoice2
output/sentences/cosyvoice2/fold_4_onyx/20.wav,disgusted,idx20,cosyvoice2
output/sentences/cosyvoice2/fold_5_verse/20.wav,disgusted,idx20,cosyvoice2
output/sentences/genai/fold_1_zephyr/20.wav,disgusted,idx20,genai
output/sentences/genai/fold_2_leda/20.wav,disgusted,idx20,genai
output/sentences/genai/fold_3_fenrir/20.wav,disgusted,idx20,genai
output/sentences/genai/fold_4_kore/20.wav,disgusted,idx20,genai
output/sentences/genai/fold_5_charon/20.wav,disgusted,idx20,genai
output/sentences/openai/fold_1_nova/20.wav,disgusted,idx20,openai
output/sentences/openai/fold_2_coral/20.wav,disgusted,idx20,openai
output/sentences/openai/fold_3_echo/20.wav,disgusted,idx20,openai
output/sentences/openai/fold_4_onyx/20.wav,disgusted,idx20,openai
output/sentences/openai/fold_5_verse/20.wav,disgusted,idx20,openai
output/sentences/azure/fold_1_en-US-JennyNeural/70.wav,surprised,idx70,azure
output/sentences/azure/fold_2_en-US-DavisNeural/70.wav,surprised,idx70,azure
output/sentences/azure/fold_3_en-US-GuyNeural/70.wav,surprised,idx70,azure
output/sentences/azure/fold_4_en-US-AriaNeural/70.wav,surprised,idx70,azure
output/sentences/azure/fold_5_en-US-SaraNeural/70.wav,surprised,idx70,azure
output/sentences/cosyvoice2/fold_1_nova/70.wav,surprised,idx70,cosyvoice2
output/sentences/cosyvoice2/fold_2_coral/70.wav,surprised,idx70,cosyvoice2
output/sentences/cosyvoice2/fold_3_echo/70.wav,surprised,idx70,cosyvoice2
output/sentences/cosyvoice2/fold_4_onyx/70.wav,surprised,idx70,cosyvoice2
output/sentences/cosyvoice2/fold_5_verse/70.wav,surprised,idx70,cosyvoice2
output/sentences/genai/fold_1_zephyr/70.wav,surprised,idx70,genai
output/sentences/genai/fold_2_leda/70.wav,surprised,idx70,genai
output/sentences/genai/fold_3_fenrir/70.wav,surprised,idx70,genai
output/sentences/genai/fold_4_kore/70.wav,surprised,idx70,genai
output/sentences/genai/fold_5_charon/70.wav,surprised,idx70,genai
output/sentences/openai/fold_1_nova/70.wav,surprised,idx70,openai
output/sentences/openai/fold_2_coral/70.wav,surprised,idx70,openai
output/sentences/openai/fold_3_echo/70.wav,surprised,idx70,openai
output/sentences/openai/fold_4_onyx/70.wav,surprised,idx70,openai
output/sentences/openai/fold_5_verse/70.wav,surprised,idx70,openai
output/sentences/azure/fold_1_en-US-JennyNeural/49.wav,neutral,idx49,azure
output/sentences/azure/fold_2_en-US-DavisNeural/49.wav,neutral,idx49,azure
output/sentences/azure/fold_3_en-US-GuyNeural/49.wav,neutral,idx49,azure
output/sentences/azure/fold_4_en-US-AriaNeural/49.wav,neutral,idx49,azure
output/sentences/azure/fold_5_en-US-SaraNeural/49.wav,neutral,idx49,azure
output/sentences/cosyvoice2/fold_1_nova/49.wav,neutral,idx49,cosyvoice2
output/sentences/cosyvoice2/fold_2_coral/49.wav,neutral,idx49,cosyvoice2
output/sentences/cosyvoice2/fold_3_echo/49.wav,neutral,idx49,cosyvoice2
output/sentences/cosyvoice2/fold_4_onyx/49.wav,neutral,idx49,cosyvoice2
output/sentences/cosyvoice2/fold_5_verse/49.wav,neutral,idx49,cosyvoice2
output/sentences/genai/fold_1_zephyr/49.wav,neutral,idx49,genai
output/sentences/genai/fold_2_leda/49.wav,neutral,idx49,genai
output/sentences/genai/fold_3_fenrir/49.wav,neutral,idx49,genai
output/sentences/genai/fold_4_kore/49.wav,neutral,idx49,genai
output/sentences/genai/fold_5_charon/49.wav,neutral,idx49,genai
output/sentences/openai/fold_1_nova/49.wav,neutral,idx49,openai
output/sentences/openai/fold_2_coral/49.wav,neutral,idx49,openai
output/sentences/openai/fold_3_echo/49.wav,neutral,idx49,openai
output/sentences/openai/fold_4_onyx/49.wav,neutral,idx49,openai
output/sentences/openai/fold_5_verse/49.wav,neutral,idx49,openai
output/sentences/azure/fold_1_en-US-JennyNeural/5.wav,angry,idx5,azure
output/sentences/azure/fold_2_en-US-DavisNeural/5.wav,angry,idx5,azure
output/sentences/azure/fold_3_en-US-GuyNeural/5.wav,angry,idx5,azure
output/sentences/azure/fold_4_en-US-AriaNeural/5.wav,angry,idx5,azure
output/sentences/azure/fold_5_en-US-SaraNeural/5.wav,angry,idx5,azure
output/sentences/cosyvoice2/fold_1_nova/5.wav,angry,idx5,cosyvoice2
output/sentences/cosyvoice2/fold_2_coral/5.wav,angry,idx5,cosyvoice2
output/sentences/cosyvoice2/fold_3_echo/5.wav,angry,idx5,cosyvoice2
output/sentences/cosyvoice2/fold_4_onyx/5.wav,angry,idx5,cosyvoice2
output/sentences/cosyvoice2/fold_5_verse/5.wav,angry,idx5,cosyvoice2
output/sentences/genai/fold_1_zephyr/5.wav,angry,idx5,genai
output/sentences/genai/fold_2_leda/5.wav,angry,idx5,genai
output/sentences/genai/fold_3_fenrir/5.wav,angry,idx5,genai
output/sentences/genai/fold_4_kore/5.wav,angry,idx5,genai
output/sentences/genai/fold_5_charon/5.wav,angry,idx5,genai
output/sentences/openai/fold_1_nova/5.wav,angry,idx5,openai
output/sentences/openai/fold_2_coral/5.wav,angry,idx5,openai
output/sentences/openai/fold_3_echo/5.wav,angry,idx5,openai
output/sentences/openai/fold_4_onyx/5.wav,angry,idx5,openai
output/sentences/openai/fold_5_verse/5.wav,angry,idx5,openai
output/sentences/azure/fold_1_en-US-JennyNeural/53.wav,sad,idx53,azure
output/sentences/azure/fold_2_en-US-DavisNeural/53.wav,sad,idx53,azure
output/sentences/azure/fold_3_en-US-GuyNeural/53.wav,sad,idx53,azure
output/sentences/azure/fold_4_en-US-AriaNeural/53.wav,sad,idx53,azure
output/sentences/azure/fold_5_en-US-SaraNeural/53.wav,sad,idx53,azure
output/sentences/cosyvoice2/fold_1_nova/53.wav,sad,idx53,cosyvoice2
output/sentences/cosyvoice2/fold_2_coral/53.wav,sad,idx53,cosyvoice2
output/sentences/cosyvoice2/fold_3_echo/53.wav,sad,idx53,cosyvoice2
output/sentences/cosyvoice2/fold_4_onyx/53.wav,sad,idx53,cosyvoice2
output/sentences/cosyvoice2/fold_5_verse/53.wav,sad,idx53,cosyvoice2
output/sentences/genai/fold_1_zephyr/53.wav,sad,idx53,genai
output/sentences/genai/fold_2_leda/53.wav,sad,idx53,genai
output/sentences/genai/fold_3_fenrir/53.wav,sad,idx53,genai
output/sentences/genai/fold_4_kore/53.wav,sad,idx53,genai
output/sentences/genai/fold_5_charon/53.wav,sad,idx53,genai
output/sentences/openai/fold_1_nova/53.wav,sad,idx53,openai
output/sentences/openai/fold_2_coral/53.wav,sad,idx53,openai
output/sentences/openai/fold_3_echo/53.wav,sad,idx53,openai
output/sentences/openai/fold_4_onyx/53.wav,sad,idx53,openai
output/sentences/openai/fold_5_verse/53.wav,sad,idx53,openai
output/sentences/azure/fold_1_en-US-JennyNeural/63.wav,surprised,idx63,azure
output/sentences/azure/fold_2_en-US-DavisNeural/63.wav,surprised,idx63,azure
output/sentences/azure/fold_3_en-US-GuyNeural/63.wav,surprised,idx63,azure
output/sentences/azure/fold_4_en-US-AriaNeural/63.wav,surprised,idx63,azure
output/sentences/azure/fold_5_en-US-SaraNeural/63.wav,surprised,idx63,azure
output/sentences/cosyvoice2/fold_1_nova/63.wav,surprised,idx63,cosyvoice2
output/sentences/cosyvoice2/fold_2_coral/63.wav,surprised,idx63,cosyvoice2
output/sentences/cosyvoice2/fold_3_echo/63.wav,surprised,idx63,cosyvoice2
output/sentences/cosyvoice2/fold_4_onyx/63.wav,surprised,idx63,cosyvoice2
output/sentences/cosyvoice2/fold_5_verse/63.wav,surprised,idx63,cosyvoice2
output/sentences/genai/fold_1_zephyr/63.wav,surprised,idx63,genai
output/sentences/genai/fold_2_leda/63.wav,surprised,idx63,genai
output/sentences/genai/fold_3_fenrir/63.wav,surprised,idx63,genai
output/sentences/genai/fold_4_kore/63.wav,surprised,idx63,genai
output/sentences/genai/fold_5_charon/63.wav,surprised,idx63,genai
output/sentences/openai/fold_1_nova/63.wav,surprised,idx63,openai
output/sentences/openai/fold_2_coral/63.wav,surprised,idx63,openai
output/sentences/openai/fold_3_echo/63.wav,surprised,idx63,openai
output/sentences/openai/fold_4_onyx/63.wav,surprised,idx63,openai
output/sentences/openai/fold_5_verse/63.wav,surprised,idx63,openai
output/sentences/azure/fold_1_en-US-JennyNeural/12.wav,disgusted,idx12,azure
output/sentences/azure/fold_2_en-US-DavisNeural/12.wav,disgusted,idx12,azure
output/sentences/azure/fold_3_en-US-GuyNeural/12.wav,disgusted,idx12,azure
output/sentences/azure/fold_4_en-US-AriaNeural/12.wav,disgusted,idx12,azure
output/sentences/azure/fold_5_en-US-SaraNeural/12.wav,disgusted,idx12,azure
output/sentences/cosyvoice2/fold_1_nova/12.wav,disgusted,idx12,cosyvoice2
output/sentences/cosyvoice2/fold_2_coral/12.wav,disgusted,idx12,cosyvoice2
output/sentences/cosyvoice2/fold_3_echo/12.wav,disgusted,idx12,cosyvoice2
output/sentences/cosyvoice2/fold_4_onyx/12.wav,disgusted,idx12,cosyvoice2
output/sentences/cosyvoice2/fold_5_verse/12.wav,disgusted,idx12,cosyvoice2
output/sentences/genai/fold_1_zephyr/12.wav,disgusted,idx12,genai
output/sentences/genai/fold_2_leda/12.wav,disgusted,idx12,genai
output/sentences/genai/fold_3_fenrir/12.wav,disgusted,idx12,genai
output/sentences/genai/fold_4_kore/12.wav,disgusted,idx12,genai
output/sentences/genai/fold_5_charon/12.wav,disgusted,idx12,genai
output/sentences/openai/fold_1_nova/12.wav,disgusted,idx12,openai
output/sentences/openai/fold_2_coral/12.wav,disgusted,idx12,openai
output/sentences/openai/fold_3_echo/12.wav,disgusted,idx12,openai
output/sentences/openai/fold_4_onyx/12.wav,disgusted,idx12,openai
output/sentences/openai/fold_5_verse/12.wav,disgusted,idx12,openai
output/sentences/azure/fold_1_en-US-JennyNeural/67.wav,surprised,idx67,azure
output/sentences/azure/fold_2_en-US-DavisNeural/67.wav,surprised,idx67,azure
output/sentences/azure/fold_3_en-US-GuyNeural/67.wav,surprised,idx67,azure
output/sentences/azure/fold_4_en-US-AriaNeural/67.wav,surprised,idx67,azure
output/sentences/azure/fold_5_en-US-SaraNeural/67.wav,surprised,idx67,azure
output/sentences/cosyvoice2/fold_1_nova/67.wav,surprised,idx67,cosyvoice2
output/sentences/cosyvoice2/fold_2_coral/67.wav,surprised,idx67,cosyvoice2
output/sentences/cosyvoice2/fold_3_echo/67.wav,surprised,idx67,cosyvoice2
output/sentences/cosyvoice2/fold_4_onyx/67.wav,surprised,idx67,cosyvoice2
output/sentences/cosyvoice2/fold_5_verse/67.wav,surprised,idx67,cosyvoice2
output/sentences/genai/fold_1_zephyr/67.wav,surprised,idx67,genai
output/sentences/genai/fold_2_leda/67.wav,surprised,idx67,genai
output/sentences/genai/fold_3_fenrir/67.wav,surprised,idx67,genai
output/sentences/genai/fold_4_kore/67.wav,surprised,idx67,genai
output/sentences/genai/fold_5_charon/67.wav,surprised,idx67,genai
output/sentences/openai/fold_1_nova/67.wav,surprised,idx67,openai
output/sentences/openai/fold_2_coral/67.wav,surprised,idx67,openai
output/sentences/openai/fold_3_echo/67.wav,surprised,idx67,openai
output/sentences/openai/fold_4_onyx/67.wav,surprised,idx67,openai
output/sentences/openai/fold_5_verse/67.wav,surprised,idx67,openai
output/sentences/azure/fold_1_en-US-JennyNeural/30.wav,fearful,idx30,azure
output/sentences/azure/fold_2_en-US-DavisNeural/30.wav,fearful,idx30,azure
output/sentences/azure/fold_3_en-US-GuyNeural/30.wav,fearful,idx30,azure
output/sentences/azure/fold_4_en-US-AriaNeural/30.wav,fearful,idx30,azure
output/sentences/azure/fold_5_en-US-SaraNeural/30.wav,fearful,idx30,azure
output/sentences/cosyvoice2/fold_1_nova/30.wav,fearful,idx30,cosyvoice2
output/sentences/cosyvoice2/fold_2_coral/30.wav,fearful,idx30,cosyvoice2
output/sentences/cosyvoice2/fold_3_echo/30.wav,fearful,idx30,cosyvoice2
output/sentences/cosyvoice2/fold_4_onyx/30.wav,fearful,idx30,cosyvoice2
output/sentences/cosyvoice2/fold_5_verse/30.wav,fearful,idx30,cosyvoice2
output/sentences/genai/fold_1_zephyr/30.wav,fearful,idx30,genai
output/sentences/genai/fold_2_leda/30.wav,fearful,idx30,genai
output/sentences/genai/fold_3_fenrir/30.wav,fearful,idx30,genai
output/sentences/genai/fold_4_kore/30.wav,fearful,idx30,genai
output/sentences/genai/fold_5_charon/30.wav,fearful,idx30,genai
output/sentences/openai/fold_1_nova/30.wav,fearful,idx30,openai
output/sentences/openai/fold_2_coral/30.wav,fearful,idx30,openai
output/sentences/openai/fold_3_echo/30.wav,fearful,idx30,openai
output/sentences/openai/fold_4_onyx/30.wav,fearful,idx30,openai
output/sentences/openai/fold_5_verse/30.wav,fearful,idx30,openai
output/sentences/azure/fold_1_en-US-JennyNeural/41.wav,neutral,idx41,azure
output/sentences/azure/fold_2_en-US-DavisNeural/41.wav,neutral,idx41,azure
output/sentences/azure/fold_3_en-US-GuyNeural/41.wav,neutral,idx41,azure
output/sentences/azure/fold_4_en-US-AriaNeural/41.wav,neutral,idx41,azure
output/sentences/azure/fold_5_en-US-SaraNeural/41.wav,neutral,idx41,azure
output/sentences/cosyvoice2/fold_1_nova/41.wav,neutral,idx41,cosyvoice2
output/sentences/cosyvoice2/fold_2_coral/41.wav,neutral,idx41,cosyvoice2
output/sentences/cosyvoice2/fold_3_echo/41.wav,neutral,idx41,cosyvoice2
output/sentences/cosyvoice2/fold_4_onyx/41.wav,neutral,idx41,cosyvoice2
output/sentences/cosyvoice2/fold_5_verse/41.wav,neutral,idx41,cosyvoice2
output/sentences/genai/fold_1_zephyr/41.wav,neutral,idx41,genai
output/sentences/genai/fold_2_leda/41.wav,neutral,idx41,genai
output/sentences/genai/fold_3_fenrir/41.wav,neutral,idx41,genai
output/sentences/genai/fold_4_kore/41.wav,neutral,idx41,genai
output/sentences/genai/fold_5_charon/41.wav,neutral,idx41,genai
output/sentences/openai/fold_1_nova/41.wav,neutral,idx41,openai
output/sentences/openai/fold_2_coral/41.wav,neutral,idx41,openai
output/sentences/openai/fold_3_echo/41.wav,neutral,idx41,openai
output/sentences/openai/fold_4_onyx/41.wav,neutral,idx41,openai
output/sentences/openai/fold_5_verse/41.wav,neutral,idx41,openai
output/sentences/azure/fold_1_en-US-JennyNeural/36.wav,happy,idx36,azure
output/sentences/azure/fold_2_en-US-DavisNeural/36.wav,happy,idx36,azure
output/sentences/azure/fold_3_en-US-GuyNeural/36.wav,happy,idx36,azure
output/sentences/azure/fold_4_en-US-AriaNeural/36.wav,happy,idx36,azure
output/sentences/azure/fold_5_en-US-SaraNeural/36.wav,happy,idx36,azure
output/sentences/cosyvoice2/fold_1_nova/36.wav,happy,idx36,cosyvoice2
output/sentences/cosyvoice2/fold_2_coral/36.wav,happy,idx36,cosyvoice2
output/sentences/cosyvoice2/fold_3_echo/36.wav,happy,idx36,cosyvoice2
output/sentences/cosyvoice2/fold_4_onyx/36.wav,happy,idx36,cosyvoice2
output/sentences/cosyvoice2/fold_5_verse/36.wav,happy,idx36,cosyvoice2
output/sentences/genai/fold_1_zephyr/36.wav,happy,idx36,genai
output/sentences/genai/fold_2_leda/36.wav,happy,idx36,genai
output/sentences/genai/fold_3_fenrir/36.wav,happy,idx36,genai
output/sentences/genai/fold_4_kore/36.wav,happy,idx36,genai
output/sentences/genai/fold_5_charon/36.wav,happy,idx36,genai
output/sentences/openai/fold_1_nova/36.wav,happy,idx36,openai
output/sentences/openai/fold_2_coral/36.wav,happy,idx36,openai
output/sentences/openai/fold_3_echo/36.wav,happy,idx36,openai
output/sentences/openai/fold_4_onyx/36.wav,happy,idx36,openai
output/sentences/openai/fold_5_verse/36.wav,happy,idx36,openai
output/sentences/azure/fold_1_en-US-JennyNeural/61.wav,surprised,idx61,azure
output/sentences/azure/fold_2_en-US-DavisNeural/61.wav,surprised,idx61,azure
output/sentences/azure/fold_3_en-US-GuyNeural/61.wav,surprised,idx61,azure
output/sentences/azure/fold_4_en-US-AriaNeural/61.wav,surprised,idx61,azure
output/sentences/azure/fold_5_en-US-SaraNeural/61.wav,surprised,idx61,azure
output/sentences/cosyvoice2/fold_1_nova/61.wav,surprised,idx61,cosyvoice2
output/sentences/cosyvoice2/fold_2_coral/61.wav,surprised,idx61,cosyvoice2
output/sentences/cosyvoice2/fold_3_echo/61.wav,surprised,idx61,cosyvoice2
output/sentences/cosyvoice2/fold_4_onyx/61.wav,surprised,idx61,cosyvoice2
output/sentences/cosyvoice2/fold_5_verse/61.wav,surprised,idx61,cosyvoice2
output/sentences/genai/fold_1_zephyr/61.wav,surprised,idx61,genai
output/sentences/genai/fold_2_leda/61.wav,surprised,idx61,genai
output/sentences/genai/fold_3_fenrir/61.wav,surprised,idx61,genai
output/sentences/genai/fold_4_kore/61.wav,surprised,idx61,genai
output/sentences/genai/fold_5_charon/61.wav,surprised,idx61,genai
output/sentences/openai/fold_1_nova/61.wav,surprised,idx61,openai
output/sentences/openai/fold_2_coral/61.wav,surprised,idx61,openai
output/sentences/openai/fold_3_echo/61.wav,surprised,idx61,openai
output/sentences/openai/fold_4_onyx/61.wav,surprised,idx61,openai
output/sentences/openai/fold_5_verse/61.wav,surprised,idx61,openai
output/sentences/azure/fold_1_en-US-JennyNeural/17.wav,disgusted,idx17,azure
output/sentences/azure/fold_2_en-US-DavisNeural/17.wav,disgusted,idx17,azure
output/sentences/azure/fold_3_en-US-GuyNeural/17.wav,disgusted,idx17,azure
output/sentences/azure/fold_4_en-US-AriaNeural/17.wav,disgusted,idx17,azure
output/sentences/azure/fold_5_en-US-SaraNeural/17.wav,disgusted,idx17,azure
output/sentences/cosyvoice2/fold_1_nova/17.wav,disgusted,idx17,cosyvoice2
output/sentences/cosyvoice2/fold_2_coral/17.wav,disgusted,idx17,cosyvoice2
output/sentences/cosyvoice2/fold_3_echo/17.wav,disgusted,idx17,cosyvoice2
output/sentences/cosyvoice2/fold_4_onyx/17.wav,disgusted,idx17,cosyvoice2
output/sentences/cosyvoice2/fold_5_verse/17.wav,disgusted,idx17,cosyvoice2
output/sentences/genai/fold_1_zephyr/17.wav,disgusted,idx17,genai
output/sentences/genai/fold_2_leda/17.wav,disgusted,idx17,genai
output/sentences/genai/fold_3_fenrir/17.wav,disgusted,idx17,genai
output/sentences/genai/fold_4_kore/17.wav,disgusted,idx17,genai
output/sentences/genai/fold_5_charon/17.wav,disgusted,idx17,genai
output/sentences/openai/fold_1_nova/17.wav,disgusted,idx17,openai
output/sentences/openai/fold_2_coral/17.wav,disgusted,idx17,openai
output/sentences/openai/fold_3_echo/17.wav,disgusted,idx17,openai
output/sentences/openai/fold_4_onyx/17.wav,disgusted,idx17,openai
output/sentences/openai/fold_5_verse/17.wav,disgusted,idx17,openai
output/sentences/azure/fold_1_en-US-JennyNeural/29.wav,fearful,idx29,azure
output/sentences/azure/fold_2_en-US-DavisNeural/29.wav,fearful,idx29,azure
output/sentences/azure/fold_3_en-US-GuyNeural/29.wav,fearful,idx29,azure
output/sentences/azure/fold_4_en-US-AriaNeural/29.wav,fearful,idx29,azure
output/sentences/azure/fold_5_en-US-SaraNeural/29.wav,fearful,idx29,azure
output/sentences/cosyvoice2/fold_1_nova/29.wav,fearful,idx29,cosyvoice2
output/sentences/cosyvoice2/fold_2_coral/29.wav,fearful,idx29,cosyvoice2
output/sentences/cosyvoice2/fold_3_echo/29.wav,fearful,idx29,cosyvoice2
output/sentences/cosyvoice2/fold_4_onyx/29.wav,fearful,idx29,cosyvoice2
output/sentences/cosyvoice2/fold_5_verse/29.wav,fearful,idx29,cosyvoice2
output/sentences/genai/fold_1_zephyr/29.wav,fearful,idx29,genai
output/sentences/genai/fold_2_leda/29.wav,fearful,idx29,genai
output/sentences/genai/fold_3_fenrir/29.wav,fearful,idx29,genai
output/sentences/genai/fold_4_kore/29.wav,fearful,idx29,genai
output/sentences/genai/fold_5_charon/29.wav,fearful,idx29,genai
output/sentences/openai/fold_1_nova/29.wav,fearful,idx29,openai
output/sentences/openai/fold_2_coral/29.wav,fearful,idx29,openai
output/sentences/openai/fold_3_echo/29.wav,fearful,idx29,openai
output/sentences/openai/fold_4_onyx/29.wav,fearful,idx29,openai
output/sentences/openai/fold_5_verse/29.wav,fearful,idx29,openai
output/sentences/azure/fold_1_en-US-JennyNeural/3.wav,angry,idx3,azure
output/sentences/azure/fold_2_en-US-DavisNeural/3.wav,angry,idx3,azure
output/sentences/azure/fold_3_en-US-GuyNeural/3.wav,angry,idx3,azure
output/sentences/azure/fold_4_en-US-AriaNeural/3.wav,angry,idx3,azure
output/sentences/azure/fold_5_en-US-SaraNeural/3.wav,angry,idx3,azure
output/sentences/cosyvoice2/fold_1_nova/3.wav,angry,idx3,cosyvoice2
output/sentences/cosyvoice2/fold_2_coral/3.wav,angry,idx3,cosyvoice2
output/sentences/cosyvoice2/fold_3_echo/3.wav,angry,idx3,cosyvoice2
output/sentences/cosyvoice2/fold_4_onyx/3.wav,angry,idx3,cosyvoice2
output/sentences/cosyvoice2/fold_5_verse/3.wav,angry,idx3,cosyvoice2
output/sentences/genai/fold_1_zephyr/3.wav,angry,idx3,genai
output/sentences/genai/fold_2_leda/3.wav,angry,idx3,genai
output/sentences/genai/fold_3_fenrir/3.wav,angry,idx3,genai
output/sentences/genai/fold_4_kore/3.wav,angry,idx3,genai
output/sentences/genai/fold_5_charon/3.wav,angry,idx3,genai
output/sentences/openai/fold_1_nova/3.wav,angry,idx3,openai
output/sentences/openai/fold_2_coral/3.wav,angry,idx3,openai
output/sentences/openai/fold_3_echo/3.wav,angry,idx3,openai
output/sentences/openai/fold_4_onyx/3.wav,angry,idx3,openai
output/sentences/openai/fold_5_verse/3.wav,angry,idx3,openai
output/sentences/azure/fold_1_en-US-JennyNeural/58.wav,sad,idx58,azure
output/sentences/azure/fold_2_en-US-DavisNeural/58.wav,sad,idx58,azure
output/sentences/azure/fold_3_en-US-GuyNeural/58.wav,sad,idx58,azure
output/sentences/azure/fold_4_en-US-AriaNeural/58.wav,sad,idx58,azure
output/sentences/azure/fold_5_en-US-SaraNeural/58.wav,sad,idx58,azure
output/sentences/cosyvoice2/fold_1_nova/58.wav,sad,idx58,cosyvoice2
output/sentences/cosyvoice2/fold_2_coral/58.wav,sad,idx58,cosyvoice2
output/sentences/cosyvoice2/fold_3_echo/58.wav,sad,idx58,cosyvoice2
output/sentences/cosyvoice2/fold_4_onyx/58.wav,sad,idx58,cosyvoice2
output/sentences/cosyvoice2/fold_5_verse/58.wav,sad,idx58,cosyvoice2
output/sentences/genai/fold_1_zephyr/58.wav,sad,idx58,genai
output/sentences/genai/fold_2_leda/58.wav,sad,idx58,genai
output/sentences/genai/fold_3_fenrir/58.wav,sad,idx58,genai
output/sentences/genai/fold_4_kore/58.wav,sad,idx58,genai
output/sentences/genai/fold_5_charon/58.wav,sad,idx58,genai
output/sentences/openai/fold_1_nova/58.wav,sad,idx58,openai
output/sentences/openai/fold_2_coral/58.wav,sad,idx58,openai
output/sentences/openai/fold_3_echo/58.wav,sad,idx58,openai
output/sentences/openai/fold_4_onyx/58.wav,sad,idx58,openai
output/sentences/openai/fold_5_verse/58.wav,sad,idx58,openai
output/sentences/azure/fold_1_en-US-JennyNeural/46.wav,neutral,idx46,azure
output/sentences/azure/fold_2_en-US-DavisNeural/46.wav,neutral,idx46,azure
output/sentences/azure/fold_3_en-US-GuyNeural/46.wav,neutral,idx46,azure
output/sentences/azure/fold_4_en-US-AriaNeural/46.wav,neutral,idx46,azure
output/sentences/azure/fold_5_en-US-SaraNeural/46.wav,neutral,idx46,azure
output/sentences/cosyvoice2/fold_1_nova/46.wav,neutral,idx46,cosyvoice2
output/sentences/cosyvoice2/fold_2_coral/46.wav,neutral,idx46,cosyvoice2
output/sentences/cosyvoice2/fold_3_echo/46.wav,neutral,idx46,cosyvoice2
output/sentences/cosyvoice2/fold_4_onyx/46.wav,neutral,idx46,cosyvoice2
output/sentences/cosyvoice2/fold_5_verse/46.wav,neutral,idx46,cosyvoice2
output/sentences/genai/fold_1_zephyr/46.wav,neutral,idx46,genai
output/sentences/genai/fold_2_leda/46.wav,neutral,idx46,genai
output/sentences/genai/fold_3_fenrir/46.wav,neutral,idx46,genai
output/sentences/genai/fold_4_kore/46.wav,neutral,idx46,genai
output/sentences/genai/fold_5_charon/46.wav,neutral,idx46,genai
output/sentences/openai/fold_1_nova/46.wav,neutral,idx46,openai
output/sentences/openai/fold_2_coral/46.wav,neutral,idx46,openai
output/sentences/openai/fold_3_echo/46.wav,neutral,idx46,openai
output/sentences/openai/fold_4_onyx/46.wav,neutral,idx46,openai
output/sentences/openai/fold_5_verse/46.wav,neutral,idx46,openai
output/sentences/azure/fold_1_en-US-JennyNeural/48.wav,neutral,idx48,azure
output/sentences/azure/fold_2_en-US-DavisNeural/48.wav,neutral,idx48,azure
output/sentences/azure/fold_3_en-US-GuyNeural/48.wav,neutral,idx48,azure
output/sentences/azure/fold_4_en-US-AriaNeural/48.wav,neutral,idx48,azure
output/sentences/azure/fold_5_en-US-SaraNeural/48.wav,neutral,idx48,azure
output/sentences/cosyvoice2/fold_1_nova/48.wav,neutral,idx48,cosyvoice2
output/sentences/cosyvoice2/fold_2_coral/48.wav,neutral,idx48,cosyvoice2
output/sentences/cosyvoice2/fold_3_echo/48.wav,neutral,idx48,cosyvoice2
output/sentences/cosyvoice2/fold_4_onyx/48.wav,neutral,idx48,cosyvoice2
output/sentences/cosyvoice2/fold_5_verse/48.wav,neutral,idx48,cosyvoice2
output/sentences/genai/fold_1_zephyr/48.wav,neutral,idx48,genai
output/sentences/genai/fold_2_leda/48.wav,neutral,idx48,genai
output/sentences/genai/fold_3_fenrir/48.wav,neutral,idx48,genai
output/sentences/genai/fold_4_kore/48.wav,neutral,idx48,genai
output/sentences/genai/fold_5_charon/48.wav,neutral,idx48,genai
output/sentences/openai/fold_1_nova/48.wav,neutral,idx48,openai
output/sentences/openai/fold_2_coral/48.wav,neutral,idx48,openai
output/sentences/openai/fold_3_echo/48.wav,neutral,idx48,openai
output/sentences/openai/fold_4_onyx/48.wav,neutral,idx48,openai
output/sentences/openai/fold_5_verse/48.wav,neutral,idx48,openai
output/sentences/azure/fold_1_en-US-JennyNeural/43.wav,neutral,idx43,azure
output/sentences/azure/fold_2_en-US-DavisNeural/43.wav,neutral,idx43,azure
output/sentences/azure/fold_3_en-US-GuyNeural/43.wav,neutral,idx43,azure
output/sentences/azure/fold_4_en-US-AriaNeural/43.wav,neutral,idx43,azure
output/sentences/azure/fold_5_en-US-SaraNeural/43.wav,neutral,idx43,azure
output/sentences/cosyvoice2/fold_1_nova/43.wav,neutral,idx43,cosyvoice2
output/sentences/cosyvoice2/fold_2_coral/43.wav,neutral,idx43,cosyvoice2
output/sentences/cosyvoice2/fold_3_echo/43.wav,neutral,idx43,cosyvoice2
output/sentences/cosyvoice2/fold_4_onyx/43.wav,neutral,idx43,cosyvoice2
output/sentences/cosyvoice2/fold_5_verse/43.wav,neutral,idx43,cosyvoice2
output/sentences/genai/fold_1_zephyr/43.wav,neutral,idx43,genai
output/sentences/genai/fold_2_leda/43.wav,neutral,idx43,genai
output/sentences/genai/fold_3_fenrir/43.wav,neutral,idx43,genai
output/sentences/genai/fold_4_kore/43.wav,neutral,idx43,genai
output/sentences/genai/fold_5_charon/43.wav,neutral,idx43,genai
output/sentences/openai/fold_1_nova/43.wav,neutral,idx43,openai
output/sentences/openai/fold_2_coral/43.wav,neutral,idx43,openai
output/sentences/openai/fold_3_echo/43.wav,neutral,idx43,openai
output/sentences/openai/fold_4_onyx/43.wav,neutral,idx43,openai
output/sentences/openai/fold_5_verse/43.wav,neutral,idx43,openai
output/sentences/azure/fold_1_en-US-JennyNeural/57.wav,sad,idx57,azure
output/sentences/azure/fold_2_en-US-DavisNeural/57.wav,sad,idx57,azure
output/sentences/azure/fold_3_en-US-GuyNeural/57.wav,sad,idx57,azure
output/sentences/azure/fold_4_en-US-AriaNeural/57.wav,sad,idx57,azure
output/sentences/azure/fold_5_en-US-SaraNeural/57.wav,sad,idx57,azure
output/sentences/cosyvoice2/fold_1_nova/57.wav,sad,idx57,cosyvoice2
output/sentences/cosyvoice2/fold_2_coral/57.wav,sad,idx57,cosyvoice2
output/sentences/cosyvoice2/fold_3_echo/57.wav,sad,idx57,cosyvoice2
output/sentences/cosyvoice2/fold_4_onyx/57.wav,sad,idx57,cosyvoice2
output/sentences/cosyvoice2/fold_5_verse/57.wav,sad,idx57,cosyvoice2
output/sentences/genai/fold_1_zephyr/57.wav,sad,idx57,genai
output/sentences/genai/fold_2_leda/57.wav,sad,idx57,genai
output/sentences/genai/fold_3_fenrir/57.wav,sad,idx57,genai
output/sentences/genai/fold_4_kore/57.wav,sad,idx57,genai
output/sentences/genai/fold_5_charon/57.wav,sad,idx57,genai
output/sentences/openai/fold_1_nova/57.wav,sad,idx57,openai
output/sentences/openai/fold_2_coral/57.wav,sad,idx57,openai
output/sentences/openai/fold_3_echo/57.wav,sad,idx57,openai
output/sentences/openai/fold_4_onyx/57.wav,sad,idx57,openai
output/sentences/openai/fold_5_verse/57.wav,sad,idx57,openai
output/sentences/azure/fold_1_en-US-JennyNeural/37.wav,happy,idx37,azure
output/sentences/azure/fold_2_en-US-DavisNeural/37.wav,happy,idx37,azure
output/sentences/azure/fold_3_en-US-GuyNeural/37.wav,happy,idx37,azure
output/sentences/azure/fold_4_en-US-AriaNeural/37.wav,happy,idx37,azure
output/sentences/azure/fold_5_en-US-SaraNeural/37.wav,happy,idx37,azure
output/sentences/cosyvoice2/fold_1_nova/37.wav,happy,idx37,cosyvoice2
output/sentences/cosyvoice2/fold_2_coral/37.wav,happy,idx37,cosyvoice2
output/sentences/cosyvoice2/fold_3_echo/37.wav,happy,idx37,cosyvoice2
output/sentences/cosyvoice2/fold_4_onyx/37.wav,happy,idx37,cosyvoice2
output/sentences/cosyvoice2/fold_5_verse/37.wav,happy,idx37,cosyvoice2
output/sentences/genai/fold_1_zephyr/37.wav,happy,idx37,genai
output/sentences/genai/fold_2_leda/37.wav,happy,idx37,genai
output/sentences/genai/fold_3_fenrir/37.wav,happy,idx37,genai
output/sentences/genai/fold_4_kore/37.wav,happy,idx37,genai
output/sentences/genai/fold_5_charon/37.wav,happy,idx37,genai
output/sentences/openai/fold_1_nova/37.wav,happy,idx37,openai
output/sentences/openai/fold_2_coral/37.wav,happy,idx37,openai
output/sentences/openai/fold_3_echo/37.wav,happy,idx37,openai
output/sentences/openai/fold_4_onyx/37.wav,happy,idx37,openai
output/sentences/openai/fold_5_verse/37.wav,happy,idx37,openai
output/sentences/azure/fold_1_en-US-JennyNeural/32.wav,happy,idx32,azure
output/sentences/azure/fold_2_en-US-DavisNeural/32.wav,happy,idx32,azure
output/sentences/azure/fold_3_en-US-GuyNeural/32.wav,happy,idx32,azure
output/sentences/azure/fold_4_en-US-AriaNeural/32.wav,happy,idx32,azure
output/sentences/azure/fold_5_en-US-SaraNeural/32.wav,happy,idx32,azure
output/sentences/cosyvoice2/fold_1_nova/32.wav,happy,idx32,cosyvoice2
output/sentences/cosyvoice2/fold_2_coral/32.wav,happy,idx32,cosyvoice2
output/sentences/cosyvoice2/fold_3_echo/32.wav,happy,idx32,cosyvoice2
output/sentences/cosyvoice2/fold_4_onyx/32.wav,happy,idx32,cosyvoice2
output/sentences/cosyvoice2/fold_5_verse/32.wav,happy,idx32,cosyvoice2
output/sentences/genai/fold_1_zephyr/32.wav,happy,idx32,genai
output/sentences/genai/fold_2_leda/32.wav,happy,idx32,genai
output/sentences/genai/fold_3_fenrir/32.wav,happy,idx32,genai
output/sentences/genai/fold_4_kore/32.wav,happy,idx32,genai
output/sentences/genai/fold_5_charon/32.wav,happy,idx32,genai
output/sentences/openai/fold_1_nova/32.wav,happy,idx32,openai
output/sentences/openai/fold_2_coral/32.wav,happy,idx32,openai
output/sentences/openai/fold_3_echo/32.wav,happy,idx32,openai
output/sentences/openai/fold_4_onyx/32.wav,happy,idx32,openai
output/sentences/openai/fold_5_verse/32.wav,happy,idx32,openai
output/sentences/azure/fold_1_en-US-JennyNeural/31.wav,happy,idx31,azure
output/sentences/azure/fold_2_en-US-DavisNeural/31.wav,happy,idx31,azure
output/sentences/azure/fold_3_en-US-GuyNeural/31.wav,happy,idx31,azure
output/sentences/azure/fold_4_en-US-AriaNeural/31.wav,happy,idx31,azure
output/sentences/azure/fold_5_en-US-SaraNeural/31.wav,happy,idx31,azure
output/sentences/cosyvoice2/fold_1_nova/31.wav,happy,idx31,cosyvoice2
output/sentences/cosyvoice2/fold_2_coral/31.wav,happy,idx31,cosyvoice2
output/sentences/cosyvoice2/fold_3_echo/31.wav,happy,idx31,cosyvoice2
output/sentences/cosyvoice2/fold_4_onyx/31.wav,happy,idx31,cosyvoice2
output/sentences/cosyvoice2/fold_5_verse/31.wav,happy,idx31,cosyvoice2
output/sentences/genai/fold_1_zephyr/31.wav,happy,idx31,genai
output/sentences/genai/fold_2_leda/31.wav,happy,idx31,genai
output/sentences/genai/fold_3_fenrir/31.wav,happy,idx31,genai
output/sentences/genai/fold_4_kore/31.wav,happy,idx31,genai
output/sentences/genai/fold_5_charon/31.wav,happy,idx31,genai
output/sentences/openai/fold_1_nova/31.wav,happy,idx31,openai
output/sentences/openai/fold_2_coral/31.wav,happy,idx31,openai
output/sentences/openai/fold_3_echo/31.wav,happy,idx31,openai
output/sentences/openai/fold_4_onyx/31.wav,happy,idx31,openai
output/sentences/openai/fold_5_verse/31.wav,happy,idx31,openai
output/sentences/azure/fold_1_en-US-JennyNeural/19.wav,disgusted,idx19,azure
output/sentences/azure/fold_2_en-US-DavisNeural/19.wav,disgusted,idx19,azure
output/sentences/azure/fold_3_en-US-GuyNeural/19.wav,disgusted,idx19,azure
output/sentences/azure/fold_4_en-US-AriaNeural/19.wav,disgusted,idx19,azure
output/sentences/azure/fold_5_en-US-SaraNeural/19.wav,disgusted,idx19,azure
output/sentences/cosyvoice2/fold_1_nova/19.wav,disgusted,idx19,cosyvoice2
output/sentences/cosyvoice2/fold_2_coral/19.wav,disgusted,idx19,cosyvoice2
output/sentences/cosyvoice2/fold_3_echo/19.wav,disgusted,idx19,cosyvoice2
output/sentences/cosyvoice2/fold_4_onyx/19.wav,disgusted,idx19,cosyvoice2
output/sentences/cosyvoice2/fold_5_verse/19.wav,disgusted,idx19,cosyvoice2
output/sentences/genai/fold_1_zephyr/19.wav,disgusted,idx19,genai
output/sentences/genai/fold_2_leda/19.wav,disgusted,idx19,genai
output/sentences/genai/fold_3_fenrir/19.wav,disgusted,idx19,genai
output/sentences/genai/fold_4_kore/19.wav,disgusted,idx19,genai
output/sentences/genai/fold_5_charon/19.wav,disgusted,idx19,genai
output/sentences/openai/fold_1_nova/19.wav,disgusted,idx19,openai
output/sentences/openai/fold_2_coral/19.wav,disgusted,idx19,openai
output/sentences/openai/fold_3_echo/19.wav,disgusted,idx19,openai
output/sentences/openai/fold_4_onyx/19.wav,disgusted,idx19,openai
output/sentences/openai/fold_5_verse/19.wav,disgusted,idx19,openai
output/sentences/azure/fold_1_en-US-JennyNeural/6.wav,angry,idx6,azure
output/sentences/azure/fold_2_en-US-DavisNeural/6.wav,angry,idx6,azure
output/sentences/azure/fold_3_en-US-GuyNeural/6.wav,angry,idx6,azure
output/sentences/azure/fold_4_en-US-AriaNeural/6.wav,angry,idx6,azure
output/sentences/azure/fold_5_en-US-SaraNeural/6.wav,angry,idx6,azure
output/sentences/cosyvoice2/fold_1_nova/6.wav,angry,idx6,cosyvoice2
output/sentences/cosyvoice2/fold_2_coral/6.wav,angry,idx6,cosyvoice2
output/sentences/cosyvoice2/fold_3_echo/6.wav,angry,idx6,cosyvoice2
output/sentences/cosyvoice2/fold_4_onyx/6.wav,angry,idx6,cosyvoice2
output/sentences/cosyvoice2/fold_5_verse/6.wav,angry,idx6,cosyvoice2
output/sentences/genai/fold_1_zephyr/6.wav,angry,idx6,genai
output/sentences/genai/fold_2_leda/6.wav,angry,idx6,genai
output/sentences/genai/fold_3_fenrir/6.wav,angry,idx6,genai
output/sentences/genai/fold_4_kore/6.wav,angry,idx6,genai
output/sentences/genai/fold_5_charon/6.wav,angry,idx6,genai
output/sentences/openai/fold_1_nova/6.wav,angry,idx6,openai
output/sentences/openai/fold_2_coral/6.wav,angry,idx6,openai
output/sentences/openai/fold_3_echo/6.wav,angry,idx6,openai
output/sentences/openai/fold_4_onyx/6.wav,angry,idx6,openai
output/sentences/openai/fold_5_verse/6.wav,angry,idx6,openai
output/sentences/azure/fold_1_en-US-JennyNeural/62.wav,surprised,idx62,azure
output/sentences/azure/fold_2_en-US-DavisNeural/62.wav,surprised,idx62,azure
output/sentences/azure/fold_3_en-US-GuyNeural/62.wav,surprised,idx62,azure
output/sentences/azure/fold_4_en-US-AriaNeural/62.wav,surprised,idx62,azure
output/sentences/azure/fold_5_en-US-SaraNeural/62.wav,surprised,idx62,azure
output/sentences/cosyvoice2/fold_1_nova/62.wav,surprised,idx62,cosyvoice2
output/sentences/cosyvoice2/fold_2_coral/62.wav,surprised,idx62,cosyvoice2
output/sentences/cosyvoice2/fold_3_echo/62.wav,surprised,idx62,cosyvoice2
output/sentences/cosyvoice2/fold_4_onyx/62.wav,surprised,idx62,cosyvoice2
output/sentences/cosyvoice2/fold_5_verse/62.wav,surprised,idx62,cosyvoice2
output/sentences/genai/fold_1_zephyr/62.wav,surprised,idx62,genai
output/sentences/genai/fold_2_leda/62.wav,surprised,idx62,genai
output/sentences/genai/fold_3_fenrir/62.wav,surprised,idx62,genai
output/sentences/genai/fold_4_kore/62.wav,surprised,idx62,genai
output/sentences/genai/fold_5_charon/62.wav,surprised,idx62,genai
output/sentences/openai/fold_1_nova/62.wav,surprised,idx62,openai
output/sentences/openai/fold_2_coral/62.wav,surprised,idx62,openai
output/sentences/openai/fold_3_echo/62.wav,surprised,idx62,openai
output/sentences/openai/fold_4_onyx/62.wav,surprised,idx62,openai
output/sentences/openai/fold_5_verse/62.wav,surprised,idx62,openai
output/sentences/azure/fold_1_en-US-JennyNeural/9.wav,angry,idx9,azure
output/sentences/azure/fold_2_en-US-DavisNeural/9.wav,angry,idx9,azure
output/sentences/azure/fold_3_en-US-GuyNeural/9.wav,angry,idx9,azure
output/sentences/azure/fold_4_en-US-AriaNeural/9.wav,angry,idx9,azure
output/sentences/azure/fold_5_en-US-SaraNeural/9.wav,angry,idx9,azure
output/sentences/cosyvoice2/fold_1_nova/9.wav,angry,idx9,cosyvoice2
output/sentences/cosyvoice2/fold_2_coral/9.wav,angry,idx9,cosyvoice2
output/sentences/cosyvoice2/fold_3_echo/9.wav,angry,idx9,cosyvoice2
output/sentences/cosyvoice2/fold_4_onyx/9.wav,angry,idx9,cosyvoice2
output/sentences/cosyvoice2/fold_5_verse/9.wav,angry,idx9,cosyvoice2
output/sentences/genai/fold_1_zephyr/9.wav,angry,idx9,genai
output/sentences/genai/fold_2_leda/9.wav,angry,idx9,genai
output/sentences/genai/fold_3_fenrir/9.wav,angry,idx9,genai
output/sentences/genai/fold_4_kore/9.wav,angry,idx9,genai
output/sentences/genai/fold_5_charon/9.wav,angry,idx9,genai
output/sentences/openai/fold_1_nova/9.wav,angry,idx9,openai
output/sentences/openai/fold_2_coral/9.wav,angry,idx9,openai
output/sentences/openai/fold_3_echo/9.wav,angry,idx9,openai
output/sentences/openai/fold_4_onyx/9.wav,angry,idx9,openai
output/sentences/openai/fold_5_verse/9.wav,angry,idx9,openai
output/sentences/azure/fold_1_en-US-JennyNeural/56.wav,sad,idx56,azure
output/sentences/azure/fold_2_en-US-DavisNeural/56.wav,sad,idx56,azure
output/sentences/azure/fold_3_en-US-GuyNeural/56.wav,sad,idx56,azure
output/sentences/azure/fold_4_en-US-AriaNeural/56.wav,sad,idx56,azure
output/sentences/azure/fold_5_en-US-SaraNeural/56.wav,sad,idx56,azure
output/sentences/cosyvoice2/fold_1_nova/56.wav,sad,idx56,cosyvoice2
output/sentences/cosyvoice2/fold_2_coral/56.wav,sad,idx56,cosyvoice2
output/sentences/cosyvoice2/fold_3_echo/56.wav,sad,idx56,cosyvoice2
output/sentences/cosyvoice2/fold_4_onyx/56.wav,sad,idx56,cosyvoice2
output/sentences/cosyvoice2/fold_5_verse/56.wav,sad,idx56,cosyvoice2
output/sentences/genai/fold_1_zephyr/56.wav,sad,idx56,genai
output/sentences/genai/fold_2_leda/56.wav,sad,idx56,genai
output/sentences/genai/fold_3_fenrir/56.wav,sad,idx56,genai
output/sentences/genai/fold_4_kore/56.wav,sad,idx56,genai
output/sentences/genai/fold_5_charon/56.wav,sad,idx56,genai
output/sentences/openai/fold_1_nova/56.wav,sad,idx56,openai
output/sentences/openai/fold_2_coral/56.wav,sad,idx56,openai
output/sentences/openai/fold_3_echo/56.wav,sad,idx56,openai
output/sentences/openai/fold_4_onyx/56.wav,sad,idx56,openai
output/sentences/openai/fold_5_verse/56.wav,sad,idx56,openai
output/sentences/azure/fold_1_en-US-JennyNeural/69.wav,surprised,idx69,azure
output/sentences/azure/fold_2_en-US-DavisNeural/69.wav,surprised,idx69,azure
output/sentences/azure/fold_3_en-US-GuyNeural/69.wav,surprised,idx69,azure
output/sentences/azure/fold_4_en-US-AriaNeural/69.wav,surprised,idx69,azure
output/sentences/azure/fold_5_en-US-SaraNeural/69.wav,surprised,idx69,azure
output/sentences/cosyvoice2/fold_1_nova/69.wav,surprised,idx69,cosyvoice2
output/sentences/cosyvoice2/fold_2_coral/69.wav,surprised,idx69,cosyvoice2
output/sentences/cosyvoice2/fold_3_echo/69.wav,surprised,idx69,cosyvoice2
output/sentences/cosyvoice2/fold_4_onyx/69.wav,surprised,idx69,cosyvoice2
output/sentences/cosyvoice2/fold_5_verse/69.wav,surprised,idx69,cosyvoice2
output/sentences/genai/fold_1_zephyr/69.wav,surprised,idx69,genai
output/sentences/genai/fold_2_leda/69.wav,surprised,idx69,genai
output/sentences/genai/fold_3_fenrir/69.wav,surprised,idx69,genai
output/sentences/genai/fold_4_kore/69.wav,surprised,idx69,genai
output/sentences/genai/fold_5_charon/69.wav,surprised,idx69,genai
output/sentences/openai/fold_1_nova/69.wav,surprised,idx69,openai
output/sentences/openai/fold_2_coral/69.wav,surprised,idx69,openai
output/sentences/openai/fold_3_echo/69.wav,surprised,idx69,openai
output/sentences/openai/fold_4_onyx/69.wav,surprised,idx69,openai
output/sentences/openai/fold_5_verse/69.wav,surprised,idx69,openai
output/sentences/azure/fold_1_en-US-JennyNeural/11.wav,disgusted,idx11,azure
output/sentences/azure/fold_2_en-US-DavisNeural/11.wav,disgusted,idx11,azure
output/sentences/azure/fold_3_en-US-GuyNeural/11.wav,disgusted,idx11,azure
output/sentences/azure/fold_4_en-US-AriaNeural/11.wav,disgusted,idx11,azure
output/sentences/azure/fold_5_en-US-SaraNeural/11.wav,disgusted,idx11,azure
output/sentences/cosyvoice2/fold_1_nova/11.wav,disgusted,idx11,cosyvoice2
output/sentences/cosyvoice2/fold_2_coral/11.wav,disgusted,idx11,cosyvoice2
output/sentences/cosyvoice2/fold_3_echo/11.wav,disgusted,idx11,cosyvoice2
output/sentences/cosyvoice2/fold_4_onyx/11.wav,disgusted,idx11,cosyvoice2
output/sentences/cosyvoice2/fold_5_verse/11.wav,disgusted,idx11,cosyvoice2
output/sentences/genai/fold_1_zephyr/11.wav,disgusted,idx11,genai
output/sentences/genai/fold_2_leda/11.wav,disgusted,idx11,genai
output/sentences/genai/fold_3_fenrir/11.wav,disgusted,idx11,genai
output/sentences/genai/fold_4_kore/11.wav,disgusted,idx11,genai
output/sentences/genai/fold_5_charon/11.wav,disgusted,idx11,genai
output/sentences/openai/fold_1_nova/11.wav,disgusted,idx11,openai
output/sentences/openai/fold_2_coral/11.wav,disgusted,idx11,openai
output/sentences/openai/fold_3_echo/11.wav,disgusted,idx11,openai
output/sentences/openai/fold_4_onyx/11.wav,disgusted,idx11,openai
output/sentences/openai/fold_5_verse/11.wav,disgusted,idx11,openai
output/sentences/azure/fold_1_en-US-JennyNeural/10.wav,angry,idx10,azure
output/sentences/azure/fold_2_en-US-DavisNeural/10.wav,angry,idx10,azure
output/sentences/azure/fold_3_en-US-GuyNeural/10.wav,angry,idx10,azure
output/sentences/azure/fold_4_en-US-AriaNeural/10.wav,angry,idx10,azure
output/sentences/azure/fold_5_en-US-SaraNeural/10.wav,angry,idx10,azure
output/sentences/cosyvoice2/fold_1_nova/10.wav,angry,idx10,cosyvoice2
output/sentences/cosyvoice2/fold_2_coral/10.wav,angry,idx10,cosyvoice2
output/sentences/cosyvoice2/fold_3_echo/10.wav,angry,idx10,cosyvoice2
output/sentences/cosyvoice2/fold_4_onyx/10.wav,angry,idx10,cosyvoice2
output/sentences/cosyvoice2/fold_5_verse/10.wav,angry,idx10,cosyvoice2
output/sentences/genai/fold_1_zephyr/10.wav,angry,idx10,genai
output/sentences/genai/fold_2_leda/10.wav,angry,idx10,genai
output/sentences/genai/fold_3_fenrir/10.wav,angry,idx10,genai
output/sentences/genai/fold_4_kore/10.wav,angry,idx10,genai
output/sentences/genai/fold_5_charon/10.wav,angry,idx10,genai
output/sentences/openai/fold_1_nova/10.wav,angry,idx10,openai
output/sentences/openai/fold_2_coral/10.wav,angry,idx10,openai
output/sentences/openai/fold_3_echo/10.wav,angry,idx10,openai
output/sentences/openai/fold_4_onyx/10.wav,angry,idx10,openai
output/sentences/openai/fold_5_verse/10.wav,angry,idx10,openai
output/sentences/azure/fold_1_en-US-JennyNeural/64.wav,surprised,idx64,azure
output/sentences/azure/fold_2_en-US-DavisNeural/64.wav,surprised,idx64,azure
output/sentences/azure/fold_3_en-US-GuyNeural/64.wav,surprised,idx64,azure
output/sentences/azure/fold_4_en-US-AriaNeural/64.wav,surprised,idx64,azure
output/sentences/azure/fold_5_en-US-SaraNeural/64.wav,surprised,idx64,azure
output/sentences/cosyvoice2/fold_1_nova/64.wav,surprised,idx64,cosyvoice2
output/sentences/cosyvoice2/fold_2_coral/64.wav,surprised,idx64,cosyvoice2
output/sentences/cosyvoice2/fold_3_echo/64.wav,surprised,idx64,cosyvoice2
output/sentences/cosyvoice2/fold_4_onyx/64.wav,surprised,idx64,cosyvoice2
output/sentences/cosyvoice2/fold_5_verse/64.wav,surprised,idx64,cosyvoice2
output/sentences/genai/fold_1_zephyr/64.wav,surprised,idx64,genai
output/sentences/genai/fold_2_leda/64.wav,surprised,idx64,genai
output/sentences/genai/fold_3_fenrir/64.wav,surprised,idx64,genai
output/sentences/genai/fold_4_kore/64.wav,surprised,idx64,genai
output/sentences/genai/fold_5_charon/64.wav,surprised,idx64,genai
output/sentences/openai/fold_1_nova/64.wav,surprised,idx64,openai
output/sentences/openai/fold_2_coral/64.wav,surprised,idx64,openai
output/sentences/openai/fold_3_echo/64.wav,surprised,idx64,openai
output/sentences/openai/fold_4_onyx/64.wav,surprised,idx64,openai
output/sentences/openai/fold_5_verse/64.wav,surprised,idx64,openai
output/sentences/azure/fold_1_en-US-JennyNeural/15.wav,disgusted,idx15,azure
output/sentences/azure/fold_2_en-US-DavisNeural/15.wav,disgusted,idx15,azure
output/sentences/azure/fold_3_en-US-GuyNeural/15.wav,disgusted,idx15,azure
output/sentences/azure/fold_4_en-US-AriaNeural/15.wav,disgusted,idx15,azure
output/sentences/azure/fold_5_en-US-SaraNeural/15.wav,disgusted,idx15,azure
output/sentences/cosyvoice2/fold_1_nova/15.wav,disgusted,idx15,cosyvoice2
output/sentences/cosyvoice2/fold_2_coral/15.wav,disgusted,idx15,cosyvoice2
output/sentences/cosyvoice2/fold_3_echo/15.wav,disgusted,idx15,cosyvoice2
output/sentences/cosyvoice2/fold_4_onyx/15.wav,disgusted,idx15,cosyvoice2
output/sentences/cosyvoice2/fold_5_verse/15.wav,disgusted,idx15,cosyvoice2
output/sentences/genai/fold_1_zephyr/15.wav,disgusted,idx15,genai
output/sentences/genai/fold_2_leda/15.wav,disgusted,idx15,genai
output/sentences/genai/fold_3_fenrir/15.wav,disgusted,idx15,genai
output/sentences/genai/fold_4_kore/15.wav,disgusted,idx15,genai
output/sentences/genai/fold_5_charon/15.wav,disgusted,idx15,genai
output/sentences/openai/fold_1_nova/15.wav,disgusted,idx15,openai
output/sentences/openai/fold_2_coral/15.wav,disgusted,idx15,openai
output/sentences/openai/fold_3_echo/15.wav,disgusted,idx15,openai
output/sentences/openai/fold_4_onyx/15.wav,disgusted,idx15,openai
output/sentences/openai/fold_5_verse/15.wav,disgusted,idx15,openai
output/sentences/azure/fold_1_en-US-JennyNeural/21.wav,fearful,idx21,azure
output/sentences/azure/fold_2_en-US-DavisNeural/21.wav,fearful,idx21,azure
output/sentences/azure/fold_3_en-US-GuyNeural/21.wav,fearful,idx21,azure
output/sentences/azure/fold_4_en-US-AriaNeural/21.wav,fearful,idx21,azure
output/sentences/azure/fold_5_en-US-SaraNeural/21.wav,fearful,idx21,azure
output/sentences/cosyvoice2/fold_1_nova/21.wav,fearful,idx21,cosyvoice2
output/sentences/cosyvoice2/fold_2_coral/21.wav,fearful,idx21,cosyvoice2
output/sentences/cosyvoice2/fold_3_echo/21.wav,fearful,idx21,cosyvoice2
output/sentences/cosyvoice2/fold_4_onyx/21.wav,fearful,idx21,cosyvoice2
output/sentences/cosyvoice2/fold_5_verse/21.wav,fearful,idx21,cosyvoice2
output/sentences/genai/fold_1_zephyr/21.wav,fearful,idx21,genai
output/sentences/genai/fold_2_leda/21.wav,fearful,idx21,genai
output/sentences/genai/fold_3_fenrir/21.wav,fearful,idx21,genai
output/sentences/genai/fold_4_kore/21.wav,fearful,idx21,genai
output/sentences/genai/fold_5_charon/21.wav,fearful,idx21,genai
output/sentences/openai/fold_1_nova/21.wav,fearful,idx21,openai
output/sentences/openai/fold_2_coral/21.wav,fearful,idx21,openai
output/sentences/openai/fold_3_echo/21.wav,fearful,idx21,openai
output/sentences/openai/fold_4_onyx/21.wav,fearful,idx21,openai
output/sentences/openai/fold_5_verse/21.wav,fearful,idx21,openai
output/sentences/azure/fold_1_en-US-JennyNeural/7.wav,angry,idx7,azure
output/sentences/azure/fold_2_en-US-DavisNeural/7.wav,angry,idx7,azure
output/sentences/azure/fold_3_en-US-GuyNeural/7.wav,angry,idx7,azure
output/sentences/azure/fold_4_en-US-AriaNeural/7.wav,angry,idx7,azure
output/sentences/azure/fold_5_en-US-SaraNeural/7.wav,angry,idx7,azure
output/sentences/cosyvoice2/fold_1_nova/7.wav,angry,idx7,cosyvoice2
output/sentences/cosyvoice2/fold_2_coral/7.wav,angry,idx7,cosyvoice2
output/sentences/cosyvoice2/fold_3_echo/7.wav,angry,idx7,cosyvoice2
output/sentences/cosyvoice2/fold_4_onyx/7.wav,angry,idx7,cosyvoice2
output/sentences/cosyvoice2/fold_5_verse/7.wav,angry,idx7,cosyvoice2
output/sentences/genai/fold_1_zephyr/7.wav,angry,idx7,genai
output/sentences/genai/fold_2_leda/7.wav,angry,idx7,genai
output/sentences/genai/fold_3_fenrir/7.wav,angry,idx7,genai
output/sentences/genai/fold_4_kore/7.wav,angry,idx7,genai
output/sentences/genai/fold_5_charon/7.wav,angry,idx7,genai
output/sentences/openai/fold_1_nova/7.wav,angry,idx7,openai
output/sentences/openai/fold_2_coral/7.wav,angry,idx7,openai
output/sentences/openai/fold_3_echo/7.wav,angry,idx7,openai
output/sentences/openai/fold_4_onyx/7.wav,angry,idx7,openai
output/sentences/openai/fold_5_verse/7.wav,angry,idx7,openai
output/sentences/azure/fold_1_en-US-JennyNeural/65.wav,surprised,idx65,azure
output/sentences/azure/fold_2_en-US-DavisNeural/65.wav,surprised,idx65,azure
output/sentences/azure/fold_3_en-US-GuyNeural/65.wav,surprised,idx65,azure
output/sentences/azure/fold_4_en-US-AriaNeural/65.wav,surprised,idx65,azure
output/sentences/azure/fold_5_en-US-SaraNeural/65.wav,surprised,idx65,azure
output/sentences/cosyvoice2/fold_1_nova/65.wav,surprised,idx65,cosyvoice2
output/sentences/cosyvoice2/fold_2_coral/65.wav,surprised,idx65,cosyvoice2
output/sentences/cosyvoice2/fold_3_echo/65.wav,surprised,idx65,cosyvoice2
output/sentences/cosyvoice2/fold_4_onyx/65.wav,surprised,idx65,cosyvoice2
output/sentences/cosyvoice2/fold_5_verse/65.wav,surprised,idx65,cosyvoice2
output/sentences/genai/fold_1_zephyr/65.wav,surprised,idx65,genai
output/sentences/genai/fold_2_leda/65.wav,surprised,idx65,genai
output/sentences/genai/fold_3_fenrir/65.wav,surprised,idx65,genai
output/sentences/genai/fold_4_kore/65.wav,surprised,idx65,genai
output/sentences/genai/fold_5_charon/65.wav,surprised,idx65,genai
output/sentences/openai/fold_1_nova/65.wav,surprised,idx65,openai
output/sentences/openai/fold_2_coral/65.wav,surprised,idx65,openai
output/sentences/openai/fold_3_echo/65.wav,surprised,idx65,openai
output/sentences/openai/fold_4_onyx/65.wav,surprised,idx65,openai
output/sentences/openai/fold_5_verse/65.wav,surprised,idx65,openai
output/sentences/azure/fold_1_en-US-JennyNeural/44.wav,neutral,idx44,azure
output/sentences/azure/fold_2_en-US-DavisNeural/44.wav,neutral,idx44,azure
output/sentences/azure/fold_3_en-US-GuyNeural/44.wav,neutral,idx44,azure
output/sentences/azure/fold_4_en-US-AriaNeural/44.wav,neutral,idx44,azure
output/sentences/azure/fold_5_en-US-SaraNeural/44.wav,neutral,idx44,azure
output/sentences/cosyvoice2/fold_1_nova/44.wav,neutral,idx44,cosyvoice2
output/sentences/cosyvoice2/fold_2_coral/44.wav,neutral,idx44,cosyvoice2
output/sentences/cosyvoice2/fold_3_echo/44.wav,neutral,idx44,cosyvoice2
output/sentences/cosyvoice2/fold_4_onyx/44.wav,neutral,idx44,cosyvoice2
output/sentences/cosyvoice2/fold_5_verse/44.wav,neutral,idx44,cosyvoice2
output/sentences/genai/fold_1_zephyr/44.wav,neutral,idx44,genai
output/sentences/genai/fold_2_leda/44.wav,neutral,idx44,genai
output/sentences/genai/fold_3_fenrir/44.wav,neutral,idx44,genai
output/sentences/genai/fold_4_kore/44.wav,neutral,idx44,genai
output/sentences/genai/fold_5_charon/44.wav,neutral,idx44,genai
output/sentences/openai/fold_1_nova/44.wav,neutral,idx44,openai
output/sentences/openai/fold_2_coral/44.wav,neutral,idx44,openai
output/sentences/openai/fold_3_echo/44.wav,neutral,idx44,openai
output/sentences/openai/fold_4_onyx/44.wav,neutral,idx44,openai
output/sentences/openai/fold_5_verse/44.wav,neutral,idx44,openai
output/sentences/azure/fold_1_en-US-JennyNeural/34.wav,happy,idx34,azure
output/sentences/azure/fold_2_en-US-DavisNeural/34.wav,happy,idx34,azure
output/sentences/azure/fold_3_en-US-GuyNeural/34.wav,happy,idx34,azure
output/sentences/azure/fold_4_en-US-AriaNeural/34.wav,happy,idx34,azure
output/sentences/azure/fold_5_en-US-SaraNeural/34.wav,happy,idx34,azure
output/sentences/cosyvoice2/fold_1_nova/34.wav,happy,idx34,cosyvoice2
output/sentences/cosyvoice2/fold_2_coral/34.wav,happy,idx34,cosyvoice2
output/sentences/cosyvoice2/fold_3_echo/34.wav,happy,idx34,cosyvoice2
output/sentences/cosyvoice2/fold_4_onyx/34.wav,happy,idx34,cosyvoice2
output/sentences/cosyvoice2/fold_5_verse/34.wav,happy,idx34,cosyvoice2
output/sentences/genai/fold_1_zephyr/34.wav,happy,idx34,genai
output/sentences/genai/fold_2_leda/34.wav,happy,idx34,genai
output/sentences/genai/fold_3_fenrir/34.wav,happy,idx34,genai
output/sentences/genai/fold_4_kore/34.wav,happy,idx34,genai
output/sentences/genai/fold_5_charon/34.wav,happy,idx34,genai
output/sentences/openai/fold_1_nova/34.wav,happy,idx34,openai
output/sentences/openai/fold_2_coral/34.wav,happy,idx34,openai
output/sentences/openai/fold_3_echo/34.wav,happy,idx34,openai
output/sentences/openai/fold_4_onyx/34.wav,happy,idx34,openai
output/sentences/openai/fold_5_verse/34.wav,happy,idx34,openai
output/sentences/azure/fold_1_en-US-JennyNeural/2.wav,angry,idx2,azure
output/sentences/azure/fold_2_en-US-DavisNeural/2.wav,angry,idx2,azure
output/sentences/azure/fold_3_en-US-GuyNeural/2.wav,angry,idx2,azure
output/sentences/azure/fold_4_en-US-AriaNeural/2.wav,angry,idx2,azure
output/sentences/azure/fold_5_en-US-SaraNeural/2.wav,angry,idx2,azure
output/sentences/cosyvoice2/fold_1_nova/2.wav,angry,idx2,cosyvoice2
output/sentences/cosyvoice2/fold_2_coral/2.wav,angry,idx2,cosyvoice2
output/sentences/cosyvoice2/fold_3_echo/2.wav,angry,idx2,cosyvoice2
output/sentences/cosyvoice2/fold_4_onyx/2.wav,angry,idx2,cosyvoice2
output/sentences/cosyvoice2/fold_5_verse/2.wav,angry,idx2,cosyvoice2
output/sentences/genai/fold_1_zephyr/2.wav,angry,idx2,genai
output/sentences/genai/fold_2_leda/2.wav,angry,idx2,genai
output/sentences/genai/fold_3_fenrir/2.wav,angry,idx2,genai
output/sentences/genai/fold_4_kore/2.wav,angry,idx2,genai
output/sentences/genai/fold_5_charon/2.wav,angry,idx2,genai
output/sentences/openai/fold_1_nova/2.wav,angry,idx2,openai
output/sentences/openai/fold_2_coral/2.wav,angry,idx2,openai
output/sentences/openai/fold_3_echo/2.wav,angry,idx2,openai
output/sentences/openai/fold_4_onyx/2.wav,angry,idx2,openai
output/sentences/openai/fold_5_verse/2.wav,angry,idx2,openai
output/sentences/azure/fold_1_en-US-JennyNeural/60.wav,sad,idx60,azure
output/sentences/azure/fold_2_en-US-DavisNeural/60.wav,sad,idx60,azure
output/sentences/azure/fold_3_en-US-GuyNeural/60.wav,sad,idx60,azure
output/sentences/azure/fold_4_en-US-AriaNeural/60.wav,sad,idx60,azure
output/sentences/azure/fold_5_en-US-SaraNeural/60.wav,sad,idx60,azure
output/sentences/cosyvoice2/fold_1_nova/60.wav,sad,idx60,cosyvoice2
output/sentences/cosyvoice2/fold_2_coral/60.wav,sad,idx60,cosyvoice2
output/sentences/cosyvoice2/fold_3_echo/60.wav,sad,idx60,cosyvoice2
output/sentences/cosyvoice2/fold_4_onyx/60.wav,sad,idx60,cosyvoice2
output/sentences/cosyvoice2/fold_5_verse/60.wav,sad,idx60,cosyvoice2
output/sentences/genai/fold_1_zephyr/60.wav,sad,idx60,genai
output/sentences/genai/fold_2_leda/60.wav,sad,idx60,genai
output/sentences/genai/fold_3_fenrir/60.wav,sad,idx60,genai
output/sentences/genai/fold_4_kore/60.wav,sad,idx60,genai
output/sentences/genai/fold_5_charon/60.wav,sad,idx60,genai
output/sentences/openai/fold_1_nova/60.wav,sad,idx60,openai
output/sentences/openai/fold_2_coral/60.wav,sad,idx60,openai
output/sentences/openai/fold_3_echo/60.wav,sad,idx60,openai
output/sentences/openai/fold_4_onyx/60.wav,sad,idx60,openai
output/sentences/openai/fold_5_verse/60.wav,sad,idx60,openai
output/sentences/azure/fold_1_en-US-JennyNeural/54.wav,sad,idx54,azure
output/sentences/azure/fold_2_en-US-DavisNeural/54.wav,sad,idx54,azure
output/sentences/azure/fold_3_en-US-GuyNeural/54.wav,sad,idx54,azure
output/sentences/azure/fold_4_en-US-AriaNeural/54.wav,sad,idx54,azure
output/sentences/azure/fold_5_en-US-SaraNeural/54.wav,sad,idx54,azure
output/sentences/cosyvoice2/fold_1_nova/54.wav,sad,idx54,cosyvoice2
output/sentences/cosyvoice2/fold_2_coral/54.wav,sad,idx54,cosyvoice2
output/sentences/cosyvoice2/fold_3_echo/54.wav,sad,idx54,cosyvoice2
output/sentences/cosyvoice2/fold_4_onyx/54.wav,sad,idx54,cosyvoice2
output/sentences/cosyvoice2/fold_5_verse/54.wav,sad,idx54,cosyvoice2
output/sentences/genai/fold_1_zephyr/54.wav,sad,idx54,genai
output/sentences/genai/fold_2_leda/54.wav,sad,idx54,genai
output/sentences/genai/fold_3_fenrir/54.wav,sad,idx54,genai
output/sentences/genai/fold_4_kore/54.wav,sad,idx54,genai
output/sentences/genai/fold_5_charon/54.wav,sad,idx54,genai
output/sentences/openai/fold_1_nova/54.wav,sad,idx54,openai
output/sentences/openai/fold_2_coral/54.wav,sad,idx54,openai
output/sentences/openai/fold_3_echo/54.wav,sad,idx54,openai
output/sentences/openai/fold_4_onyx/54.wav,sad,idx54,openai
output/sentences/openai/fold_5_verse/54.wav,sad,idx54,openai
output/sentences/azure/fold_1_en-US-JennyNeural/18.wav,disgusted,idx18,azure
output/sentences/azure/fold_2_en-US-DavisNeural/18.wav,disgusted,idx18,azure
output/sentences/azure/fold_3_en-US-GuyNeural/18.wav,disgusted,idx18,azure
output/sentences/azure/fold_4_en-US-AriaNeural/18.wav,disgusted,idx18,azure
output/sentences/azure/fold_5_en-US-SaraNeural/18.wav,disgusted,idx18,azure
output/sentences/cosyvoice2/fold_1_nova/18.wav,disgusted,idx18,cosyvoice2
output/sentences/cosyvoice2/fold_2_coral/18.wav,disgusted,idx18,cosyvoice2
output/sentences/cosyvoice2/fold_3_echo/18.wav,disgusted,idx18,cosyvoice2
output/sentences/cosyvoice2/fold_4_onyx/18.wav,disgusted,idx18,cosyvoice2
output/sentences/cosyvoice2/fold_5_verse/18.wav,disgusted,idx18,cosyvoice2
output/sentences/genai/fold_1_zephyr/18.wav,disgusted,idx18,genai
output/sentences/genai/fold_2_leda/18.wav,disgusted,idx18,genai
output/sentences/genai/fold_3_fenrir/18.wav,disgusted,idx18,genai
output/sentences/genai/fold_4_kore/18.wav,disgusted,idx18,genai
output/sentences/genai/fold_5_charon/18.wav,disgusted,idx18,genai
output/sentences/openai/fold_1_nova/18.wav,disgusted,idx18,openai
output/sentences/openai/fold_2_coral/18.wav,disgusted,idx18,openai
output/sentences/openai/fold_3_echo/18.wav,disgusted,idx18,openai
output/sentences/openai/fold_4_onyx/18.wav,disgusted,idx18,openai
output/sentences/openai/fold_5_verse/18.wav,disgusted,idx18,openai
output/sentences/azure/fold_1_en-US-JennyNeural/55.wav,sad,idx55,azure
output/sentences/azure/fold_2_en-US-DavisNeural/55.wav,sad,idx55,azure
output/sentences/azure/fold_3_en-US-GuyNeural/55.wav,sad,idx55,azure
output/sentences/azure/fold_4_en-US-AriaNeural/55.wav,sad,idx55,azure
output/sentences/azure/fold_5_en-US-SaraNeural/55.wav,sad,idx55,azure
output/sentences/cosyvoice2/fold_1_nova/55.wav,sad,idx55,cosyvoice2
output/sentences/cosyvoice2/fold_2_coral/55.wav,sad,idx55,cosyvoice2
output/sentences/cosyvoice2/fold_3_echo/55.wav,sad,idx55,cosyvoice2
output/sentences/cosyvoice2/fold_4_onyx/55.wav,sad,idx55,cosyvoice2
output/sentences/cosyvoice2/fold_5_verse/55.wav,sad,idx55,cosyvoice2
output/sentences/genai/fold_1_zephyr/55.wav,sad,idx55,genai
output/sentences/genai/fold_2_leda/55.wav,sad,idx55,genai
output/sentences/genai/fold_3_fenrir/55.wav,sad,idx55,genai
output/sentences/genai/fold_4_kore/55.wav,sad,idx55,genai
output/sentences/genai/fold_5_charon/55.wav,sad,idx55,genai
output/sentences/openai/fold_1_nova/55.wav,sad,idx55,openai
output/sentences/openai/fold_2_coral/55.wav,sad,idx55,openai
output/sentences/openai/fold_3_echo/55.wav,sad,idx55,openai
output/sentences/openai/fold_4_onyx/55.wav,sad,idx55,openai
output/sentences/openai/fold_5_verse/55.wav,sad,idx55,openai
output/sentences/azure/fold_1_en-US-JennyNeural/24.wav,fearful,idx24,azure
output/sentences/azure/fold_2_en-US-DavisNeural/24.wav,fearful,idx24,azure
output/sentences/azure/fold_3_en-US-GuyNeural/24.wav,fearful,idx24,azure
output/sentences/azure/fold_4_en-US-AriaNeural/24.wav,fearful,idx24,azure
output/sentences/azure/fold_5_en-US-SaraNeural/24.wav,fearful,idx24,azure
output/sentences/cosyvoice2/fold_1_nova/24.wav,fearful,idx24,cosyvoice2
output/sentences/cosyvoice2/fold_2_coral/24.wav,fearful,idx24,cosyvoice2
output/sentences/cosyvoice2/fold_3_echo/24.wav,fearful,idx24,cosyvoice2
output/sentences/cosyvoice2/fold_4_onyx/24.wav,fearful,idx24,cosyvoice2
output/sentences/cosyvoice2/fold_5_verse/24.wav,fearful,idx24,cosyvoice2
output/sentences/genai/fold_1_zephyr/24.wav,fearful,idx24,genai
output/sentences/genai/fold_2_leda/24.wav,fearful,idx24,genai
output/sentences/genai/fold_3_fenrir/24.wav,fearful,idx24,genai
output/sentences/genai/fold_4_kore/24.wav,fearful,idx24,genai
output/sentences/genai/fold_5_charon/24.wav,fearful,idx24,genai
output/sentences/openai/fold_1_nova/24.wav,fearful,idx24,openai
output/sentences/openai/fold_2_coral/24.wav,fearful,idx24,openai
output/sentences/openai/fold_3_echo/24.wav,fearful,idx24,openai
output/sentences/openai/fold_4_onyx/24.wav,fearful,idx24,openai
output/sentences/openai/fold_5_verse/24.wav,fearful,idx24,openai
output/sentences/azure/fold_1_en-US-JennyNeural/35.wav,happy,idx35,azure
output/sentences/azure/fold_2_en-US-DavisNeural/35.wav,happy,idx35,azure
output/sentences/azure/fold_3_en-US-GuyNeural/35.wav,happy,idx35,azure
output/sentences/azure/fold_4_en-US-AriaNeural/35.wav,happy,idx35,azure
output/sentences/azure/fold_5_en-US-SaraNeural/35.wav,happy,idx35,azure
output/sentences/cosyvoice2/fold_1_nova/35.wav,happy,idx35,cosyvoice2
output/sentences/cosyvoice2/fold_2_coral/35.wav,happy,idx35,cosyvoice2
output/sentences/cosyvoice2/fold_3_echo/35.wav,happy,idx35,cosyvoice2
output/sentences/cosyvoice2/fold_4_onyx/35.wav,happy,idx35,cosyvoice2
output/sentences/cosyvoice2/fold_5_verse/35.wav,happy,idx35,cosyvoice2
output/sentences/genai/fold_1_zephyr/35.wav,happy,idx35,genai
output/sentences/genai/fold_2_leda/35.wav,happy,idx35,genai
output/sentences/genai/fold_3_fenrir/35.wav,happy,idx35,genai
output/sentences/genai/fold_4_kore/35.wav,happy,idx35,genai
output/sentences/genai/fold_5_charon/35.wav,happy,idx35,genai
output/sentences/openai/fold_1_nova/35.wav,happy,idx35,openai
output/sentences/openai/fold_2_coral/35.wav,happy,idx35,openai
output/sentences/openai/fold_3_echo/35.wav,happy,idx35,openai
output/sentences/openai/fold_4_onyx/35.wav,happy,idx35,openai
output/sentences/openai/fold_5_verse/35.wav,happy,idx35,openai
output/sentences/azure/fold_1_en-US-JennyNeural/40.wav,happy,idx40,azure
output/sentences/azure/fold_2_en-US-DavisNeural/40.wav,happy,idx40,azure
output/sentences/azure/fold_3_en-US-GuyNeural/40.wav,happy,idx40,azure
output/sentences/azure/fold_4_en-US-AriaNeural/40.wav,happy,idx40,azure
output/sentences/azure/fold_5_en-US-SaraNeural/40.wav,happy,idx40,azure
output/sentences/cosyvoice2/fold_1_nova/40.wav,happy,idx40,cosyvoice2
output/sentences/cosyvoice2/fold_2_coral/40.wav,happy,idx40,cosyvoice2
output/sentences/cosyvoice2/fold_3_echo/40.wav,happy,idx40,cosyvoice2
output/sentences/cosyvoice2/fold_4_onyx/40.wav,happy,idx40,cosyvoice2
output/sentences/cosyvoice2/fold_5_verse/40.wav,happy,idx40,cosyvoice2
output/sentences/genai/fold_1_zephyr/40.wav,happy,idx40,genai
output/sentences/genai/fold_2_leda/40.wav,happy,idx40,genai
output/sentences/genai/fold_3_fenrir/40.wav,happy,idx40,genai
output/sentences/genai/fold_4_kore/40.wav,happy,idx40,genai
output/sentences/genai/fold_5_charon/40.wav,happy,idx40,genai
output/sentences/openai/fold_1_nova/40.wav,happy,idx40,openai
output/sentences/openai/fold_2_coral/40.wav,happy,idx40,openai
output/sentences/openai/fold_3_echo/40.wav,happy,idx40,openai
output/sentences/openai/fold_4_onyx/40.wav,happy,idx40,openai
output/sentences/openai/fold_5_verse/40.wav,happy,idx40,openai
output/sentences/azure/fold_1_en-US-JennyNeural/23.wav,fearful,idx23,azure
output/sentences/azure/fold_2_en-US-DavisNeural/23.wav,fearful,idx23,azure
output/sentences/azure/fold_3_en-US-GuyNeural/23.wav,fearful,idx23,azure
output/sentences/azure/fold_4_en-US-AriaNeural/23.wav,fearful,idx23,azure
output/sentences/azure/fold_5_en-US-SaraNeural/23.wav,fearful,idx23,azure
output/sentences/cosyvoice2/fold_1_nova/23.wav,fearful,idx23,cosyvoice2
output/sentences/cosyvoice2/fold_2_coral/23.wav,fearful,idx23,cosyvoice2
output/sentences/cosyvoice2/fold_3_echo/23.wav,fearful,idx23,cosyvoice2
output/sentences/cosyvoice2/fold_4_onyx/23.wav,fearful,idx23,cosyvoice2
output/sentences/cosyvoice2/fold_5_verse/23.wav,fearful,idx23,cosyvoice2
output/sentences/genai/fold_1_zephyr/23.wav,fearful,idx23,genai
output/sentences/genai/fold_2_leda/23.wav,fearful,idx23,genai
output/sentences/genai/fold_3_fenrir/23.wav,fearful,idx23,genai
output/sentences/genai/fold_4_kore/23.wav,fearful,idx23,genai
output/sentences/genai/fold_5_charon/23.wav,fearful,idx23,genai
output/sentences/openai/fold_1_nova/23.wav,fearful,idx23,openai
output/sentences/openai/fold_2_coral/23.wav,fearful,idx23,openai
output/sentences/openai/fold_3_echo/23.wav,fearful,idx23,openai
output/sentences/openai/fold_4_onyx/23.wav,fearful,idx23,openai
output/sentences/openai/fold_5_verse/23.wav,fearful,idx23,openai
output/sentences/azure/fold_1_en-US-JennyNeural/45.wav,neutral,idx45,azure
output/sentences/azure/fold_2_en-US-DavisNeural/45.wav,neutral,idx45,azure
output/sentences/azure/fold_3_en-US-GuyNeural/45.wav,neutral,idx45,azure
output/sentences/azure/fold_4_en-US-AriaNeural/45.wav,neutral,idx45,azure
output/sentences/azure/fold_5_en-US-SaraNeural/45.wav,neutral,idx45,azure
output/sentences/cosyvoice2/fold_1_nova/45.wav,neutral,idx45,cosyvoice2
output/sentences/cosyvoice2/fold_2_coral/45.wav,neutral,idx45,cosyvoice2
output/sentences/cosyvoice2/fold_3_echo/45.wav,neutral,idx45,cosyvoice2
output/sentences/cosyvoice2/fold_4_onyx/45.wav,neutral,idx45,cosyvoice2
output/sentences/cosyvoice2/fold_5_verse/45.wav,neutral,idx45,cosyvoice2
output/sentences/genai/fold_1_zephyr/45.wav,neutral,idx45,genai
output/sentences/genai/fold_2_leda/45.wav,neutral,idx45,genai
output/sentences/genai/fold_3_fenrir/45.wav,neutral,idx45,genai
output/sentences/genai/fold_4_kore/45.wav,neutral,idx45,genai
output/sentences/genai/fold_5_charon/45.wav,neutral,idx45,genai
output/sentences/openai/fold_1_nova/45.wav,neutral,idx45,openai
output/sentences/openai/fold_2_coral/45.wav,neutral,idx45,openai
output/sentences/openai/fold_3_echo/45.wav,neutral,idx45,openai
output/sentences/openai/fold_4_onyx/45.wav,neutral,idx45,openai
output/sentences/openai/fold_5_verse/45.wav,neutral,idx45,openai
