idx,wav_path,prompt_id,tts,emotion,emotion_pred,correct,top_score,eas,proto_margin,tsne_x,tsne_y,nn_space,nn_k,nn_impurity,nn_alt,nn_alt_frac,knn3_match
0,output/sentences/azure/fold_1_en-US-JennyNeural/38.wav,idx38,azure,happy,happy,True,0.94008565,0.8920175,0.14534092,-5.798398,27.292055,emb,10,0.09999999999999998,surprised,1.0,True
1,output/sentences/azure/fold_2_en-US-DavisNeural/38.wav,idx38,azure,happy,happy,True,0.48528284,0.88569474,0.004436612,-11.095983,11.709274,emb,10,0.7,surprised,1.0,True
2,output/sentences/azure/fold_3_en-US-GuyNeural/38.wav,idx38,azure,happy,happy,True,0.9719573,0.93787754,0.18114609,-3.8316407,22.812819,emb,10,0.0,,0.0,True
3,output/sentences/azure/fold_4_en-US-AriaNeural/38.wav,idx38,azure,happy,happy,True,0.9760952,0.88268906,0.22239643,-4.5526934,28.53471,emb,10,0.0,,0.0,True
4,output/sentences/azure/fold_5_en-US-SaraNeural/38.wav,idx38,azure,happy,happy,True,0.8582633,0.87448597,0.09197348,-3.0038404,27.229815,emb,10,0.0,,0.0,True
5,output/sentences/cosyvoice2/fold_1_nova/38.wav,idx38,cosyvoice2,happy,sad,False,0.89767224,0.7454428,-0.16633824,33.42888,-12.988915,emb,10,1.0,sad,0.6,True
6,output/sentences/cosyvoice2/fold_2_coral/38.wav,idx38,cosyvoice2,happy,sad,False,0.9695705,0.73731494,-0.20907006,33.454582,-12.984401,emb,10,1.0,sad,0.8,True
7,output/sentences/cosyvoice2/fold_3_echo/38.wav,idx38,cosyvoice2,happy,neutral,False,0.93098956,0.8215127,-0.15335768,5.599447,9.010992,emb,10,0.5,neutral,0.6,True
8,output/sentences/cosyvoice2/fold_4_onyx/38.wav,idx38,cosyvoice2,happy,neutral,False,0.9328325,0.8111825,-0.14682388,9.567442,7.463424,emb,10,0.7,neutral,0.5714285714285714,False
9,output/sentences/cosyvoice2/fold_5_verse/38.wav,idx38,cosyvoice2,happy,happy,True,0.9810192,0.9283917,0.2375027,-2.825119,23.453035,emb,10,0.0,,0.0,True
10,output/sentences/genai/fold_1_zephyr/38.wav,idx38,genai,happy,happy,True,0.9841673,0.88224095,0.24673408,-6.0274982,29.524326,emb,10,0.09999999999999998,surprised,1.0,True
11,output/sentences/genai/fold_2_leda/38.wav,idx38,genai,happy,happy,True,0.9769423,0.8991032,0.193932,-7.522591,28.496843,emb,10,0.19999999999999996,surprised,1.0,True
12,output/sentences/genai/fold_3_fenrir/38.wav,idx38,genai,happy,happy,True,0.9734105,0.8882067,0.20186263,-7.2443514,29.647762,emb,10,0.09999999999999998,surprised,1.0,True
13,output/sentences/genai/fold_4_kore/38.wav,idx38,genai,happy,happy,True,0.9830238,0.8911165,0.22020948,-6.5043526,28.688738,emb,10,0.09999999999999998,surprised,1.0,True
14,output/sentences/genai/fold_5_charon/38.wav,idx38,genai,happy,happy,True,0.9587767,0.8965624,0.19459486,-8.753083,28.082468,emb,10,0.0,,0.0,True
15,output/sentences/openai/fold_1_nova/38.wav,idx38,openai,happy,neutral,False,0.43790153,0.7976106,-0.058541,11.212014,-1.1424845,emb,10,0.9,disgusted,0.6666666666666666,True
16,output/sentences/openai/fold_2_coral/38.wav,idx38,openai,happy,happy,True,0.9637378,0.92713207,0.16871935,-5.264284,22.556826,emb,10,0.0,,0.0,True
17,output/sentences/openai/fold_3_echo/38.wav,idx38,openai,happy,neutral,False,0.7627591,0.84763265,-0.059264004,8.934047,10.389657,emb,10,0.7,neutral,0.8571428571428571,False
18,output/sentences/openai/fold_4_onyx/38.wav,idx38,openai,happy,happy,True,0.7476655,0.86484843,0.0653584,7.7149467,9.271586,emb,10,0.30000000000000004,neutral,0.6666666666666666,True
19,output/sentences/openai/fold_5_verse/38.wav,idx38,openai,happy,happy,True,0.5017789,0.830999,0.044330716,-10.111509,13.005939,emb,10,0.7,neutral,0.42857142857142855,True
20,output/sentences/azure/fold_1_en-US-JennyNeural/14.wav,idx14,azure,disgusted,disgusted,True,0.944354,0.88228333,0.17072529,7.7254252,-6.8065085,emb,10,0.30000000000000004,angry,1.0,True
21,output/sentences/azure/fold_2_en-US-DavisNeural/14.wav,idx14,azure,disgusted,disgusted,True,0.988997,0.8857502,0.26641625,4.202021,-21.857233,emb,10,0.0,,0.0,True
22,output/sentences/azure/fold_3_en-US-GuyNeural/14.wav,idx14,azure,disgusted,disgusted,True,0.99180776,0.88985217,0.2795419,3.1783364,-22.005793,emb,10,0.0,,0.0,True
23,output/sentences/azure/fold_4_en-US-AriaNeural/14.wav,idx14,azure,disgusted,disgusted,True,0.85437125,0.87034315,0.0950132,7.278145,-7.522732,emb,10,0.09999999999999998,neutral,1.0,True
24,output/sentences/azure/fold_5_en-US-SaraNeural/14.wav,idx14,azure,disgusted,disgusted,True,0.95232713,0.88866866,0.17911023,7.0494647,-8.566614,emb,10,0.0,,0.0,True
25,output/sentences/cosyvoice2/fold_1_nova/14.wav,idx14,cosyvoice2,disgusted,disgusted,True,0.98623335,0.8709649,0.25920433,0.2857223,-23.909288,emb,10,0.0,,0.0,True
26,output/sentences/cosyvoice2/fold_2_coral/14.wav,idx14,cosyvoice2,disgusted,disgusted,True,0.9858019,0.86817193,0.26025775,-0.60147864,-24.018877,emb,10,0.0,,0.0,True
27,output/sentences/cosyvoice2/fold_3_echo/14.wav,idx14,cosyvoice2,disgusted,disgusted,True,0.9893624,0.8901008,0.26275212,0.60460657,-22.607391,emb,10,0.0,,0.0,True
28,output/sentences/cosyvoice2/fold_4_onyx/14.wav,idx14,cosyvoice2,disgusted,disgusted,True,0.9832644,0.87996745,0.23827755,1.6104262,-24.057596,emb,10,0.0,,0.0,True
29,output/sentences/cosyvoice2/fold_5_verse/14.wav,idx14,cosyvoice2,disgusted,disgusted,True,0.98459446,0.87023294,0.2611713,-0.8612762,-22.891188,emb,10,0.0,,0.0,True
30,output/sentences/genai/fold_1_zephyr/14.wav,idx14,genai,disgusted,disgusted,True,0.9946884,0.9010048,0.28330028,-1.5560522,-20.236486,emb,10,0.0,,0.0,True
31,output/sentences/genai/fold_2_leda/14.wav,idx14,genai,disgusted,disgusted,True,0.99443346,0.91537976,0.2747078,-0.41494718,-19.29605,emb,10,0.0,,0.0,True
32,output/sentences/genai/fold_3_fenrir/14.wav,idx14,genai,disgusted,disgusted,True,0.9933114,0.8898802,0.28616977,-0.65988714,-20.48028,emb,10,0.0,,0.0,True
33,output/sentences/genai/fold_4_kore/14.wav,idx14,genai,disgusted,disgusted,True,0.9744658,0.8956945,0.19892603,0.69655305,-18.335356,emb,10,0.0,,0.0,True
34,output/sentences/genai/fold_5_charon/14.wav,idx14,genai,disgusted,disgusted,True,0.9940454,0.8903389,0.29660663,-1.7801303,-21.177553,emb,10,0.0,,0.0,True
35,output/sentences/openai/fold_1_nova/14.wav,idx14,openai,disgusted,disgusted,True,0.9945522,0.8992819,0.29163897,0.63613003,-21.169617,emb,10,0.0,,0.0,True
36,output/sentences/openai/fold_2_coral/14.wav,idx14,openai,disgusted,disgusted,True,0.9923934,0.89606285,0.28530908,1.1832175,-20.395433,emb,10,0.0,,0.0,True
37,output/sentences/openai/fold_3_echo/14.wav,idx14,openai,disgusted,disgusted,True,0.99238753,0.88392675,0.2900194,-0.2766358,-21.82192,emb,10,0.0,,0.0,True
38,output/sentences/openai/fold_4_onyx/14.wav,idx14,openai,disgusted,disgusted,True,0.9931224,0.8955579,0.28921956,1.3655168,-21.715446,emb,10,0.0,,0.0,True
39,output/sentences/openai/fold_5_verse/14.wav,idx14,openai,disgusted,disgusted,True,0.98913175,0.8939645,0.26499236,2.390989,-20.186138,emb,10,0.0,,0.0,True
40,output/sentences/azure/fold_1_en-US-JennyNeural/51.wav,idx51,azure,sad,sad,True,0.9952554,0.8976073,0.3156192,28.815655,-11.627735,emb,10,0.0,,0.0,True
41,output/sentences/azure/fold_2_en-US-DavisNeural/51.wav,idx51,azure,sad,sad,True,0.90242517,0.91462135,0.111029744,20.652573,-18.94962,emb,10,0.30000000000000004,fearful,1.0,True
42,output/sentences/azure/fold_3_en-US-GuyNeural/51.wav,idx51,azure,sad,sad,True,0.9960135,0.92294055,0.29375315,25.481174,-8.79384,emb,10,0.09999999999999998,angry,1.0,True
43,output/sentences/azure/fold_4_en-US-AriaNeural/51.wav,idx51,azure,sad,sad,True,0.57965827,0.8193434,0.040532887,29.1499,-10.089323,emb,10,0.30000000000000004,angry,0.6666666666666666,True
44,output/sentences/azure/fold_5_en-US-SaraNeural/51.wav,idx51,azure,sad,sad,True,0.99754924,0.91616714,0.30828923,28.67053,-14.161181,emb,10,0.0,,0.0,True
45,output/sentences/cosyvoice2/fold_1_nova/51.wav,idx51,cosyvoice2,sad,angry,False,0.38014865,0.7778461,-0.07087439,22.268871,0.15179048,emb,10,0.30000000000000004,neutral,0.6666666666666666,False
46,output/sentences/cosyvoice2/fold_2_coral/51.wav,idx51,cosyvoice2,sad,fearful,False,0.5234112,0.8450056,-0.009830415,29.949276,-20.20292,emb,10,0.30000000000000004,fearful,1.0,True
47,output/sentences/cosyvoice2/fold_3_echo/51.wav,idx51,cosyvoice2,sad,sad,True,0.7303948,0.87061274,0.094698906,21.643688,-5.6218348,emb,10,0.19999999999999996,angry,0.5,True
48,output/sentences/cosyvoice2/fold_4_onyx/51.wav,idx51,cosyvoice2,sad,sad,True,0.9929535,0.89998156,0.26988572,26.583887,-13.847542,emb,10,0.09999999999999998,fearful,1.0,True
49,output/sentences/cosyvoice2/fold_5_verse/51.wav,idx51,cosyvoice2,sad,sad,True,0.9865216,0.9145077,0.23135138,22.797993,-8.468474,emb,10,0.19999999999999996,angry,0.5,True
50,output/sentences/genai/fold_1_zephyr/51.wav,idx51,genai,sad,sad,True,0.9777204,0.92119753,0.19081312,24.72604,-14.661689,emb,10,0.0,,0.0,True
51,output/sentences/genai/fold_2_leda/51.wav,idx51,genai,sad,sad,True,0.988653,0.9023186,0.22319031,26.28473,-19.59127,emb,10,0.0,,0.0,True
52,output/sentences/genai/fold_3_fenrir/51.wav,idx51,genai,sad,sad,True,0.9825881,0.9206825,0.20380151,23.699553,-16.316984,emb,10,0.09999999999999998,fearful,1.0,True
53,output/sentences/genai/fold_4_kore/51.wav,idx51,genai,sad,sad,True,0.9875437,0.90398324,0.21849865,26.93917,-19.464666,emb,10,0.0,,0.0,True
54,output/sentences/genai/fold_5_charon/51.wav,idx51,genai,sad,sad,True,0.9640861,0.8914942,0.16597807,28.031193,-19.389938,emb,10,0.0,,0.0,True
55,output/sentences/openai/fold_1_nova/51.wav,idx51,openai,sad,sad,True,0.9885811,0.9275991,0.22304255,24.539337,-16.573439,emb,10,0.0,,0.0,True
56,output/sentences/openai/fold_2_coral/51.wav,idx51,openai,sad,sad,True,0.9877253,0.9092388,0.23195606,23.512978,-6.483161,emb,10,0.0,,0.0,True
57,output/sentences/openai/fold_3_echo/51.wav,idx51,openai,sad,sad,True,0.91340864,0.8715065,0.12867928,23.814596,-5.82565,emb,10,0.09999999999999998,angry,1.0,True
58,output/sentences/openai/fold_4_onyx/51.wav,idx51,openai,sad,sad,True,0.9985667,0.9489492,0.33890235,23.666021,-9.296822,emb,10,0.0,,0.0,True
59,output/sentences/openai/fold_5_verse/51.wav,idx51,openai,sad,sad,True,0.9369703,0.9058948,0.15954173,22.61049,-7.2630115,emb,10,0.19999999999999996,angry,0.5,True
60,output/sentences/azure/fold_1_en-US-JennyNeural/50.wav,idx50,azure,neutral,neutral,True,0.963986,0.89827347,0.18156642,19.192501,4.8995924,emb,10,0.4,disgusted,1.0,True
61,output/sentences/azure/fold_2_en-US-DavisNeural/50.wav,idx50,azure,neutral,happy,False,0.7299554,0.7960103,-0.051185608,8.723961,16.385763,emb,10,0.30000000000000004,happy,1.0,True
62,output/sentences/azure/fold_3_en-US-GuyNeural/50.wav,idx50,azure,neutral,neutral,True,0.86031693,0.8849298,0.09179914,12.8845825,15.0173435,emb,10,0.30000000000000004,happy,1.0,True
63,output/sentences/azure/fold_4_en-US-AriaNeural/50.wav,idx50,azure,neutral,neutral,True,0.9994128,0.94336677,0.38630676,18.64742,6.722038,emb,10,0.30000000000000004,disgusted,1.0,True
64,output/sentences/azure/fold_5_en-US-SaraNeural/50.wav,idx50,azure,neutral,neutral,True,0.99894494,0.9438376,0.35911214,19.07788,6.2540765,emb,10,0.30000000000000004,disgusted,1.0,True
65,output/sentences/cosyvoice2/fold_1_nova/50.wav,idx50,cosyvoice2,neutral,neutral,True,0.9708356,0.8957243,0.20352453,20.977404,1.8809849,emb,10,0.5,angry,0.4,True
66,output/sentences/cosyvoice2/fold_2_coral/50.wav,idx50,cosyvoice2,neutral,neutral,True,0.88434553,0.8575276,0.14441311,21.269445,1.2926502,emb,10,0.9,sad,0.6666666666666666,True
67,output/sentences/cosyvoice2/fold_3_echo/50.wav,idx50,cosyvoice2,neutral,neutral,True,0.8209685,0.87825084,0.100893736,11.370827,6.5268807,emb,10,0.5,happy,0.6,False
68,output/sentences/cosyvoice2/fold_4_onyx/50.wav,idx50,cosyvoice2,neutral,neutral,True,0.9362429,0.8520013,0.17365086,12.435697,8.224197,emb,10,0.5,disgusted,0.4,True
69,output/sentences/cosyvoice2/fold_5_verse/50.wav,idx50,cosyvoice2,neutral,neutral,True,0.8765327,0.8670661,0.09810144,10.880707,12.511135,emb,10,0.19999999999999996,disgusted,0.5,True
70,output/sentences/genai/fold_1_zephyr/50.wav,idx50,genai,neutral,happy,False,0.94062877,0.7728028,-0.14079148,8.668837,14.867496,emb,10,0.09999999999999998,happy,1.0,True
71,output/sentences/genai/fold_2_leda/50.wav,idx50,genai,neutral,neutral,True,0.6116049,0.8116016,0.025303185,9.373061,14.766716,emb,10,0.19999999999999996,happy,1.0,True
72,output/sentences/genai/fold_3_fenrir/50.wav,idx50,genai,neutral,neutral,True,0.9838644,0.89539826,0.20536768,11.169438,11.263829,emb,10,0.19999999999999996,disgusted,0.5,True
73,output/sentences/genai/fold_4_kore/50.wav,idx50,genai,neutral,neutral,True,0.9870547,0.90952736,0.22015595,10.64612,10.377977,emb,10,0.30000000000000004,happy,0.6666666666666666,True
74,output/sentences/genai/fold_5_charon/50.wav,idx50,genai,neutral,neutral,True,0.9163227,0.887095,0.11953974,10.085448,11.438783,emb,10,0.4,happy,0.75,True
75,output/sentences/openai/fold_1_nova/50.wav,idx50,openai,neutral,neutral,True,0.7213013,0.84316707,0.049819946,9.059061,12.813862,emb,10,0.19999999999999996,disgusted,0.5,True
76,output/sentences/openai/fold_2_coral/50.wav,idx50,openai,neutral,neutral,True,0.3587992,0.8448095,0.003450632,6.2915835,-2.8207164,emb,10,0.8,disgusted,1.0,False
77,output/sentences/openai/fold_3_echo/50.wav,idx50,openai,neutral,happy,False,0.8345391,0.80048096,-0.08459443,8.402418,13.393182,emb,10,0.19999999999999996,disgusted,0.5,True
78,output/sentences/openai/fold_4_onyx/50.wav,idx50,openai,neutral,happy,False,0.8835326,0.8200706,-0.10415083,8.301642,12.084658,emb,10,0.30000000000000004,happy,0.6666666666666666,True
79,output/sentences/openai/fold_5_verse/50.wav,idx50,openai,neutral,happy,False,0.663495,0.739143,-0.26103035,-6.3216786,7.394119,emb,10,0.7,happy,0.42857142857142855,False
80,output/sentences/azure/fold_1_en-US-JennyNeural/4.wav,idx4,azure,angry,angry,True,0.91348374,0.92088217,0.15053642,-39.893032,0.37990347,emb,10,0.0,,0.0,True
81,output/sentences/azure/fold_2_en-US-DavisNeural/4.wav,idx4,azure,angry,angry,True,0.8949409,0.9156735,0.13616115,-41.466026,1.3076669,emb,10,0.09999999999999998,disgusted,1.0,True
82,output/sentences/azure/fold_3_en-US-GuyNeural/4.wav,idx4,azure,angry,angry,True,0.9053869,0.91258544,0.14401591,-42.137924,0.5178308,emb,10,0.09999999999999998,fearful,1.0,True
83,output/sentences/azure/fold_4_en-US-AriaNeural/4.wav,idx4,azure,angry,angry,True,0.9420931,0.9179819,0.15599692,-41.71165,-0.9458112,emb,10,0.0,,0.0,True
84,output/sentences/azure/fold_5_en-US-SaraNeural/4.wav,idx4,azure,angry,angry,True,0.93428326,0.90876734,0.1407305,-41.90487,-2.048195,emb,10,0.0,,0.0,True
85,output/sentences/cosyvoice2/fold_1_nova/4.wav,idx4,cosyvoice2,angry,disgusted,False,0.5056995,0.9042575,-0.00439471,-2.1646316,2.517837,emb,10,0.7,surprised,0.5714285714285714,True
86,output/sentences/cosyvoice2/fold_2_coral/4.wav,idx4,cosyvoice2,angry,angry,True,0.87880576,0.9092453,0.10655385,-40.454765,-1.3986444,emb,10,0.0,,0.0,True
87,output/sentences/cosyvoice2/fold_3_echo/4.wav,idx4,cosyvoice2,angry,angry,True,0.37772068,0.89477247,0.0027337074,-2.4224334,3.4978282,emb,10,1.0,surprised,0.7,True
88,output/sentences/cosyvoice2/fold_4_onyx/4.wav,idx4,cosyvoice2,angry,disgusted,False,0.5290675,0.8260154,-0.03456074,23.175014,0.012201617,emb,10,0.9,sad,0.4444444444444444,True
89,output/sentences/cosyvoice2/fold_5_verse/4.wav,idx4,cosyvoice2,angry,angry,True,0.9137155,0.9196635,0.13774776,-40.856846,-0.3880078,emb,10,0.0,,0.0,True
90,output/sentences/genai/fold_1_zephyr/4.wav,idx4,genai,angry,angry,True,0.9087623,0.9164028,0.115665436,-39.619244,-3.4610012,emb,10,0.0,,0.0,True
91,output/sentences/genai/fold_2_leda/4.wav,idx4,genai,angry,angry,True,0.9152213,0.9249607,0.11963034,-39.031864,-2.952658,emb,10,0.0,,0.0,True
92,output/sentences/genai/fold_3_fenrir/4.wav,idx4,genai,angry,angry,True,0.8638108,0.9163765,0.093310475,-40.416862,-4.0184407,emb,10,0.0,,0.0,True
93,output/sentences/genai/fold_4_kore/4.wav,idx4,genai,angry,angry,True,0.91533196,0.9314195,0.1223948,-37.444817,-2.5362895,emb,10,0.0,,0.0,True
94,output/sentences/genai/fold_5_charon/4.wav,idx4,genai,angry,angry,True,0.9008261,0.91457653,0.112041235,-40.387985,-2.8636556,emb,10,0.0,,0.0,True
95,output/sentences/openai/fold_1_nova/4.wav,idx4,openai,angry,angry,True,0.97575325,0.9046785,0.20343357,-43.911938,-2.4812603,emb,10,0.0,,0.0,True
96,output/sentences/openai/fold_2_coral/4.wav,idx4,openai,angry,angry,True,0.9642741,0.912718,0.19424915,-43.76156,-0.88933027,emb,10,0.09999999999999998,fearful,1.0,True
97,output/sentences/openai/fold_3_echo/4.wav,idx4,openai,angry,angry,True,0.957383,0.9053346,0.16468698,-43.045578,-2.3632755,emb,10,0.0,,0.0,True
98,output/sentences/openai/fold_4_onyx/4.wav,idx4,openai,angry,angry,True,0.9415554,0.90235704,0.16766667,-44.77363,-1.6887778,emb,10,0.0,,0.0,True
99,output/sentences/openai/fold_5_verse/4.wav,idx4,openai,angry,angry,True,0.94268143,0.91450834,0.16716671,-42.6018,-0.55380315,emb,10,0.0,,0.0,True
100,output/sentences/azure/fold_1_en-US-JennyNeural/66.wav,idx66,azure,surprised,surprised,True,0.5079395,0.8717592,0.027411044,-14.094102,11.518327,emb,10,0.4,disgusted,0.75,True
101,output/sentences/azure/fold_2_en-US-DavisNeural/66.wav,idx66,azure,surprised,surprised,True,0.3532892,0.8746178,0.011373758,-13.21303,4.864178,emb,10,0.4,fearful,1.0,True
102,output/sentences/azure/fold_3_en-US-GuyNeural/66.wav,idx66,azure,surprised,surprised,True,0.3736179,0.88991106,0.002709508,-13.780119,4.840088,emb,10,0.30000000000000004,fearful,1.0,True
103,output/sentences/azure/fold_4_en-US-AriaNeural/66.wav,idx66,azure,surprised,happy,False,0.8299913,0.86139804,-0.081474245,-9.919697,23.344841,emb,10,0.8,happy,1.0,False
104,output/sentences/azure/fold_5_en-US-SaraNeural/66.wav,idx66,azure,surprised,surprised,True,0.5123969,0.896793,0.007849336,-16.467587,11.243369,emb,10,0.5,fearful,0.8,True
105,output/sentences/cosyvoice2/fold_1_nova/66.wav,idx66,cosyvoice2,surprised,angry,False,0.4961056,0.75770533,-0.24682683,-1.4589043,-0.37337664,emb,10,0.7,disgusted,0.5714285714285714,True
106,output/sentences/cosyvoice2/fold_2_coral/66.wav,idx66,cosyvoice2,surprised,angry,False,0.6941322,0.7681449,-0.27242512,-2.1098073,-0.97424936,emb,10,0.6,disgusted,0.6666666666666666,True
107,output/sentences/cosyvoice2/fold_3_echo/66.wav,idx66,cosyvoice2,surprised,sad,False,0.29961723,0.7600837,-0.12710762,-5.518672,-2.0648787,emb,10,0.7,fearful,0.7142857142857143,True
108,output/sentences/cosyvoice2/fold_4_onyx/66.wav,idx66,cosyvoice2,surprised,angry,False,0.63415515,0.74346906,-0.24119931,-2.703824,-1.7540711,emb,10,0.6,disgusted,0.5,True
109,output/sentences/cosyvoice2/fold_5_verse/66.wav,idx66,cosyvoice2,surprised,disgusted,False,0.3997384,0.8571123,-0.043577194,-3.859008,0.1009625,emb,10,0.30000000000000004,angry,0.6666666666666666,True
110,output/sentences/genai/fold_1_zephyr/66.wav,idx66,genai,surprised,surprised,True,0.6508501,0.90183544,0.06029588,-15.877155,9.905243,emb,10,0.09999999999999998,happy,1.0,True
111,output/sentences/genai/fold_2_leda/66.wav,idx66,genai,surprised,surprised,True,0.9507924,0.9350574,0.16844636,-20.18244,16.12184,emb,10,0.09999999999999998,fearful,1.0,True
112,output/sentences/genai/fold_3_fenrir/66.wav,idx66,genai,surprised,surprised,True,0.40529355,0.86489964,0.010303974,-19.780317,3.7446542,emb,10,0.30000000000000004,fearful,1.0,True
113,output/sentences/genai/fold_4_kore/66.wav,idx66,genai,surprised,surprised,True,0.35717285,0.8239168,0.0061016083,-19.867828,3.583277,emb,10,0.5,fearful,1.0,True
114,output/sentences/genai/fold_5_charon/66.wav,idx66,genai,surprised,surprised,True,0.665416,0.9001621,0.06729835,-15.654236,9.9365635,emb,10,0.19999999999999996,angry,0.5,True
115,output/sentences/openai/fold_1_nova/66.wav,idx66,openai,surprised,happy,False,0.523054,0.84695435,-0.06504589,-10.825935,4.6692476,emb,10,0.4,fearful,0.5,True
116,output/sentences/openai/fold_2_coral/66.wav,idx66,openai,surprised,surprised,True,0.28895456,0.8718842,0.0012840629,-12.06323,3.7151625,emb,10,0.4,fearful,0.75,True
117,output/sentences/openai/fold_3_echo/66.wav,idx66,openai,surprised,happy,False,0.75272554,0.85501194,-0.088318944,-9.65961,4.021023,emb,10,0.4,fearful,0.5,True
118,output/sentences/openai/fold_4_onyx/66.wav,idx66,openai,surprised,angry,False,0.42232102,0.8236408,-0.08699608,-8.58578,2.898239,emb,10,0.09999999999999998,fearful,1.0,True
119,output/sentences/openai/fold_5_verse/66.wav,idx66,openai,surprised,happy,False,0.46087363,0.8550134,-0.044546545,-10.607761,3.8241134,emb,10,0.4,fearful,0.5,True
120,output/sentences/azure/fold_1_en-US-JennyNeural/39.wav,idx39,azure,happy,happy,True,0.9403296,0.9014822,0.1441027,-5.741589,26.197302,emb,10,0.09999999999999998,surprised,1.0,True
121,output/sentences/azure/fold_2_en-US-DavisNeural/39.wav,idx39,azure,happy,surprised,False,0.85372806,0.87109756,-0.10620248,-11.088015,9.661013,emb,10,0.6,surprised,0.8333333333333334,True
122,output/sentences/azure/fold_3_en-US-GuyNeural/39.wav,idx39,azure,happy,happy,True,0.95957583,0.93245924,0.15975344,-4.454891,23.353449,emb,10,0.09999999999999998,surprised,1.0,True
123,output/sentences/azure/fold_4_en-US-AriaNeural/39.wav,idx39,azure,happy,happy,True,0.98665696,0.916085,0.23080051,-3.7506475,24.875204,emb,10,0.0,,0.0,True
124,output/sentences/azure/fold_5_en-US-SaraNeural/39.wav,idx39,azure,happy,happy,True,0.98680645,0.9034622,0.25029355,-3.2156281,25.471273,emb,10,0.0,,0.0,True
125,output/sentences/cosyvoice2/fold_1_nova/39.wav,idx39,cosyvoice2,happy,happy,True,0.62835395,0.8662518,0.04884374,-0.0003764741,9.734148,emb,10,0.19999999999999996,disgusted,0.5,True
126,output/sentences/cosyvoice2/fold_2_coral/39.wav,idx39,cosyvoice2,happy,happy,True,0.72253346,0.8791728,0.09857905,-0.7112379,9.50917,emb,10,0.19999999999999996,surprised,1.0,True
127,output/sentences/cosyvoice2/fold_3_echo/39.wav,idx39,cosyvoice2,happy,happy,True,0.5370281,0.86187184,0.05195266,-1.438776,6.3311253,emb,10,0.19999999999999996,angry,0.5,True
128,output/sentences/cosyvoice2/fold_4_onyx/39.wav,idx39,cosyvoice2,happy,angry,False,0.32646993,0.8273938,-0.04206437,-1.6625792,5.5538936,emb,10,0.8,surprised,0.5,True
129,output/sentences/cosyvoice2/fold_5_verse/39.wav,idx39,cosyvoice2,happy,happy,True,0.89651877,0.90377474,0.11672366,0.4863825,11.987402,emb,10,0.09999999999999998,disgusted,1.0,True
130,output/sentences/genai/fold_1_zephyr/39.wav,idx39,genai,happy,happy,True,0.9684553,0.89568424,0.18384188,-7.3472886,26.97711,emb,10,0.09999999999999998,surprised,1.0,True
131,output/sentences/genai/fold_2_leda/39.wav,idx39,genai,happy,happy,True,0.94415355,0.90741694,0.14292675,-7.43858,25.461794,emb,10,0.09999999999999998,surprised,1.0,True
132,output/sentences/genai/fold_3_fenrir/39.wav,idx39,genai,happy,happy,True,0.96239376,0.92173576,0.16522008,-5.30619,23.949278,emb,10,0.0,,0.0,True
133,output/sentences/genai/fold_4_kore/39.wav,idx39,genai,happy,happy,True,0.960712,0.90245557,0.16246784,-7.162877,26.0862,emb,10,0.09999999999999998,surprised,1.0,True
134,output/sentences/genai/fold_5_charon/39.wav,idx39,genai,happy,happy,True,0.92792785,0.9077389,0.12943077,-6.404451,24.454643,emb,10,0.09999999999999998,surprised,1.0,True
135,output/sentences/openai/fold_1_nova/39.wav,idx39,openai,happy,happy,True,0.8766405,0.8912376,0.12397909,-2.2851746,10.115387,emb,10,0.19999999999999996,neutral,0.5,True
136,output/sentences/openai/fold_2_coral/39.wav,idx39,openai,happy,happy,True,0.7617171,0.8955388,0.07471526,-9.088659,8.341963,emb,10,0.6,surprised,0.8333333333333334,True
137,output/sentences/openai/fold_3_echo/39.wav,idx39,openai,happy,neutral,False,0.64541054,0.84511983,-0.038976252,1.5520855,10.844934,emb,10,0.19999999999999996,disgusted,0.5,True
138,output/sentences/openai/fold_4_onyx/39.wav,idx39,openai,happy,happy,True,0.83960253,0.88362217,0.093259335,0.35128754,10.862205,emb,10,0.09999999999999998,neutral,1.0,True
139,output/sentences/openai/fold_5_verse/39.wav,idx39,openai,happy,happy,True,0.43926093,0.88000005,0.01782322,-9.651547,7.682736,emb,10,0.8,surprised,0.875,True
140,output/sentences/azure/fold_1_en-US-JennyNeural/16.wav,idx16,azure,disgusted,disgusted,True,0.56028116,0.8807155,0.021199286,8.292499,-4.5300393,emb,10,0.30000000000000004,neutral,0.6666666666666666,True
141,output/sentences/azure/fold_2_en-US-DavisNeural/16.wav,idx16,azure,disgusted,angry,False,0.7571278,0.8900379,-0.057249725,-36.364513,-6.425087,emb,10,1.0,angry,1.0,False
142,output/sentences/azure/fold_3_en-US-GuyNeural/16.wav,idx16,azure,disgusted,disgusted,True,0.76930094,0.8713691,0.06723726,6.862972,-5.0934486,emb,10,0.19999999999999996,neutral,1.0,True
143,output/sentences/azure/fold_4_en-US-AriaNeural/16.wav,idx16,azure,disgusted,neutral,False,0.9361643,0.82745814,-0.13882011,8.865717,-2.613046,emb,10,0.5,neutral,0.6,True
144,output/sentences/azure/fold_5_en-US-SaraNeural/16.wav,idx16,azure,disgusted,neutral,False,0.72153074,0.86332893,-0.055172622,7.978347,-4.010262,emb,10,0.30000000000000004,neutral,1.0,True
145,output/sentences/cosyvoice2/fold_1_nova/16.wav,idx16,cosyvoice2,disgusted,disgusted,True,0.6372179,0.9093983,0.028716445,1.515663,-2.3186893,emb,10,0.30000000000000004,surprised,1.0,True
146,output/sentences/cosyvoice2/fold_2_coral/16.wav,idx16,cosyvoice2,disgusted,disgusted,True,0.5717401,0.8969953,0.014946401,1.5692716,-2.6282492,emb,10,0.4,surprised,0.75,True
147,output/sentences/cosyvoice2/fold_3_echo/16.wav,idx16,cosyvoice2,disgusted,neutral,False,0.4811009,0.7829242,-0.09020293,11.414945,5.3478684,emb,10,0.7,sad,0.5714285714285714,True
148,output/sentences/cosyvoice2/fold_4_onyx/16.wav,idx16,cosyvoice2,disgusted,neutral,False,0.95505595,0.74382025,-0.31219906,9.946944,8.724661,emb,10,0.9,neutral,0.7777777777777778,True
149,output/sentences/cosyvoice2/fold_5_verse/16.wav,idx16,cosyvoice2,disgusted,disgusted,True,0.8736378,0.90660334,0.10753602,2.8573864,-4.505681,emb,10,0.5,sad,0.6,True
150,output/sentences/genai/fold_1_zephyr/16.wav,idx16,genai,disgusted,disgusted,True,0.957043,0.9145963,0.15915573,0.38120478,-12.381659,emb,10,0.0,,0.0,True
151,output/sentences/genai/fold_2_leda/16.wav,idx16,genai,disgusted,disgusted,True,0.9903392,0.9204545,0.26015973,-0.3099227,-15.352967,emb,10,0.0,,0.0,True
152,output/sentences/genai/fold_3_fenrir/16.wav,idx16,genai,disgusted,disgusted,True,0.9911528,0.9170575,0.27371633,-0.32544488,-15.947741,emb,10,0.0,,0.0,True
153,output/sentences/genai/fold_4_kore/16.wav,idx16,genai,disgusted,disgusted,True,0.995083,0.90594935,0.28766465,-1.6084435,-18.913488,emb,10,0.0,,0.0,True
154,output/sentences/genai/fold_5_charon/16.wav,idx16,genai,disgusted,disgusted,True,0.99416566,0.9064683,0.28062838,-2.6269119,-19.497215,emb,10,0.0,,0.0,True
155,output/sentences/openai/fold_1_nova/16.wav,idx16,openai,disgusted,angry,False,0.5580989,0.8623399,-0.034389675,2.5346186,-0.41472983,emb,10,0.6,happy,0.6666666666666666,True
156,output/sentences/openai/fold_2_coral/16.wav,idx16,openai,disgusted,angry,False,0.86639047,0.86458707,-0.10150564,1.7992094,-0.021786619,emb,10,0.7,angry,0.5714285714285714,True
157,output/sentences/openai/fold_3_echo/16.wav,idx16,openai,disgusted,disgusted,True,0.6668649,0.8795489,0.057772815,4.094599,-1.8112105,emb,10,0.30000000000000004,happy,0.3333333333333333,True
158,output/sentences/openai/fold_4_onyx/16.wav,idx16,openai,disgusted,disgusted,True,0.8338078,0.8720956,0.11165619,3.6319814,-4.328165,emb,10,0.30000000000000004,angry,0.3333333333333333,True
159,output/sentences/openai/fold_5_verse/16.wav,idx16,openai,disgusted,disgusted,True,0.5369497,0.875806,0.025988817,3.6039374,-1.6321387,emb,10,0.09999999999999998,neutral,1.0,True
160,output/sentences/azure/fold_1_en-US-JennyNeural/28.wav,idx28,azure,fearful,fearful,True,0.8808356,0.9316675,0.10402596,-16.952976,-4.3443584,emb,10,0.0,,0.0,True
161,output/sentences/azure/fold_2_en-US-DavisNeural/28.wav,idx28,azure,fearful,fearful,True,0.7069479,0.91596675,0.04523617,-18.29544,-1.0140536,emb,10,0.09999999999999998,surprised,1.0,True
162,output/sentences/azure/fold_3_en-US-GuyNeural/28.wav,idx28,azure,fearful,fearful,True,0.5445852,0.9135823,0.013542652,-17.48883,-0.12450768,emb,10,0.30000000000000004,surprised,1.0,True
163,output/sentences/azure/fold_4_en-US-AriaNeural/28.wav,idx28,azure,fearful,fearful,True,0.9835728,0.9282018,0.2237742,-19.65757,-5.0255084,emb,10,0.0,,0.0,True
164,output/sentences/azure/fold_5_en-US-SaraNeural/28.wav,idx28,azure,fearful,fearful,True,0.9747073,0.9243517,0.19396776,-19.999931,-4.4674644,emb,10,0.0,,0.0,True
165,output/sentences/cosyvoice2/fold_1_nova/28.wav,idx28,cosyvoice2,fearful,disgusted,False,0.66115963,0.7459693,-0.1862114,7.478402,-17.112228,emb,10,0.9,surprised,0.4444444444444444,True
166,output/sentences/cosyvoice2/fold_2_coral/28.wav,idx28,cosyvoice2,fearful,sad,False,0.8865482,0.8048271,-0.12058586,31.399025,-20.99808,emb,10,0.9,sad,1.0,True
167,output/sentences/cosyvoice2/fold_3_echo/28.wav,idx28,cosyvoice2,fearful,fearful,True,0.47254914,0.8516487,0.0024558306,31.16113,-20.659056,emb,10,0.9,sad,0.8888888888888888,True
168,output/sentences/cosyvoice2/fold_4_onyx/28.wav,idx28,cosyvoice2,fearful,sad,False,0.78013957,0.7943193,-0.09822464,31.99504,-18.770374,emb,10,0.8,sad,0.75,False
169,output/sentences/cosyvoice2/fold_5_verse/28.wav,idx28,cosyvoice2,fearful,surprised,False,0.7972797,0.7494887,-0.27879542,6.0822897,-17.7775,emb,10,0.8,disgusted,0.5,True
170,output/sentences/genai/fold_1_zephyr/28.wav,idx28,genai,fearful,fearful,True,0.52006036,0.85556835,0.028089345,-8.970525,-13.96845,emb,10,0.6,surprised,0.5,True
171,output/sentences/genai/fold_2_leda/28.wav,idx28,genai,fearful,fearful,True,0.92873824,0.91661346,0.13483286,-13.230478,-7.6399913,emb,10,0.09999999999999998,sad,1.0,True
172,output/sentences/genai/fold_3_fenrir/28.wav,idx28,genai,fearful,disgusted,False,0.62392217,0.81646526,-0.07687634,-8.019523,-15.371017,emb,10,0.9,disgusted,0.7777777777777778,True
173,output/sentences/genai/fold_4_kore/28.wav,idx28,genai,fearful,fearful,True,0.760108,0.86590934,0.08961326,-9.570616,-12.929838,emb,10,0.30000000000000004,sad,0.6666666666666666,True
174,output/sentences/genai/fold_5_charon/28.wav,idx28,genai,fearful,disgusted,False,0.66567904,0.82165426,-0.07092422,-8.292219,-14.975597,emb,10,0.8,disgusted,0.875,True
175,output/sentences/openai/fold_1_nova/28.wav,idx28,openai,fearful,fearful,True,0.92002416,0.9279102,0.12731367,-19.833948,-2.4411924,emb,10,0.0,,0.0,True
176,output/sentences/openai/fold_2_coral/28.wav,idx28,openai,fearful,fearful,True,0.9805155,0.908371,0.22241151,-20.678936,-4.8363023,emb,10,0.0,,0.0,True
177,output/sentences/openai/fold_3_echo/28.wav,idx28,openai,fearful,fearful,True,0.65770274,0.8820132,0.083058536,-16.791672,-5.91322,emb,10,0.4,surprised,0.75,True
178,output/sentences/openai/fold_4_onyx/28.wav,idx28,openai,fearful,surprised,False,0.66636,0.738381,-0.27923587,5.4434743,-18.11473,emb,10,0.9,disgusted,1.0,True
179,output/sentences/openai/fold_5_verse/28.wav,idx28,openai,fearful,disgusted,False,0.89567107,0.7257807,-0.31648004,3.7371595,-19.061686,emb,10,0.9,disgusted,1.0,True
180,output/sentences/azure/fold_1_en-US-JennyNeural/8.wav,idx8,azure,angry,angry,True,0.67675835,0.9005826,0.046882153,-34.920494,-6.711532,emb,10,0.09999999999999998,surprised,1.0,True
181,output/sentences/azure/fold_2_en-US-DavisNeural/8.wav,idx8,azure,angry,disgusted,False,0.8812724,0.81915194,-0.12016475,12.010148,-8.518178,emb,10,0.6,disgusted,1.0,True
182,output/sentences/azure/fold_3_en-US-GuyNeural/8.wav,idx8,azure,angry,sad,False,0.9187265,0.79144394,-0.20141375,15.290953,-7.263914,emb,10,0.5,sad,1.0,True
183,output/sentences/azure/fold_4_en-US-AriaNeural/8.wav,idx8,azure,angry,angry,True,0.6436171,0.88728166,0.030494452,11.252968,-6.698342,emb,10,0.4,disgusted,0.5,True
184,output/sentences/azure/fold_5_en-US-SaraNeural/8.wav,idx8,azure,angry,sad,False,0.72977513,0.78803426,-0.119053125,15.635136,-6.652849,emb,10,0.5,sad,1.0,True
185,output/sentences/cosyvoice2/fold_1_nova/8.wav,idx8,cosyvoice2,angry,neutral,False,0.38160694,0.7779516,-0.013617635,12.4670725,-2.0318615,emb,10,0.5,neutral,0.4,True
186,output/sentences/cosyvoice2/fold_2_coral/8.wav,idx8,cosyvoice2,angry,sad,False,0.7275862,0.80905074,-0.07332319,15.679866,-5.7789435,emb,10,0.30000000000000004,sad,1.0,True
187,output/sentences/cosyvoice2/fold_3_echo/8.wav,idx8,cosyvoice2,angry,sad,False,0.8917327,0.76866126,-0.17618585,18.304426,-3.8488367,emb,10,0.6,sad,0.6666666666666666,True
188,output/sentences/cosyvoice2/fold_4_onyx/8.wav,idx8,cosyvoice2,angry,neutral,False,0.44656992,0.77054226,-0.09686893,23.51225,0.9016416,emb,10,1.0,sad,0.7,True
189,output/sentences/cosyvoice2/fold_5_verse/8.wav,idx8,cosyvoice2,angry,angry,True,0.65597886,0.85545623,0.08566505,16.69426,-4.406772,emb,10,0.19999999999999996,sad,1.0,True
190,output/sentences/genai/fold_1_zephyr/8.wav,idx8,genai,angry,angry,True,0.8742942,0.9206319,0.09722984,-38.383656,-5.023194,emb,10,0.09999999999999998,disgusted,1.0,True
191,output/sentences/genai/fold_2_leda/8.wav,idx8,genai,angry,angry,True,0.84616727,0.9133072,0.085173905,-37.608875,-5.512679,emb,10,0.09999999999999998,disgusted,1.0,True
192,output/sentences/genai/fold_3_fenrir/8.wav,idx8,genai,angry,angry,True,0.80763716,0.8978657,0.07194018,-38.811035,-6.2392235,emb,10,0.09999999999999998,disgusted,1.0,True
193,output/sentences/genai/fold_4_kore/8.wav,idx8,genai,angry,angry,True,0.957885,0.93134195,0.15750039,-37.10089,-4.522862,emb,10,0.09999999999999998,disgusted,1.0,True
194,output/sentences/genai/fold_5_charon/8.wav,idx8,genai,angry,angry,True,0.83076346,0.902701,0.079897225,-38.063198,-6.5244303,emb,10,0.09999999999999998,disgusted,1.0,True
195,output/sentences/openai/fold_1_nova/8.wav,idx8,openai,angry,angry,True,0.51275337,0.88618135,0.003195405,10.8670025,-6.5510716,emb,10,0.7,disgusted,0.7142857142857143,True
196,output/sentences/openai/fold_2_coral/8.wav,idx8,openai,angry,angry,True,0.8865446,0.8996576,0.11914593,-32.24333,-1.6182623,emb,10,0.4,disgusted,0.5,True
197,output/sentences/openai/fold_3_echo/8.wav,idx8,openai,angry,angry,True,0.5549743,0.84433806,0.043392777,15.73908,-4.3123116,emb,10,0.6,surprised,0.6666666666666666,True
198,output/sentences/openai/fold_4_onyx/8.wav,idx8,openai,angry,disgusted,False,0.72814584,0.7737633,-0.13840878,13.915888,-7.6412873,emb,10,0.5,disgusted,1.0,True
199,output/sentences/openai/fold_5_verse/8.wav,idx8,openai,angry,angry,True,0.93382263,0.9326296,0.15543556,-32.57594,-1.6726438,emb,10,0.5,fearful,0.4,True
200,output/sentences/azure/fold_1_en-US-JennyNeural/47.wav,idx47,azure,neutral,neutral,True,0.99648213,0.89509654,0.31337184,20.025873,13.118528,emb,10,0.0,,0.0,True
201,output/sentences/azure/fold_2_en-US-DavisNeural/47.wav,idx47,azure,neutral,neutral,True,0.54719996,0.8273618,0.013208389,20.55398,16.275892,emb,10,0.30000000000000004,disgusted,1.0,True
202,output/sentences/azure/fold_3_en-US-GuyNeural/47.wav,idx47,azure,neutral,neutral,True,0.81034696,0.8416998,0.076753795,20.236607,15.714514,emb,10,0.19999999999999996,disgusted,1.0,True
203,output/sentences/azure/fold_4_en-US-AriaNeural/47.wav,idx47,azure,neutral,neutral,True,0.99904066,0.93256724,0.35392708,19.539928,7.1605697,emb,10,0.19999999999999996,disgusted,1.0,True
204,output/sentences/azure/fold_5_en-US-SaraNeural/47.wav,idx47,azure,neutral,neutral,True,0.9935959,0.8899834,0.28910995,19.673946,13.8941765,emb,10,0.0,,0.0,True
205,output/sentences/cosyvoice2/fold_1_nova/47.wav,idx47,cosyvoice2,neutral,neutral,True,0.9743371,0.8862255,0.23187923,18.78585,20.200815,emb,10,0.30000000000000004,disgusted,0.3333333333333333,True
206,output/sentences/cosyvoice2/fold_2_coral/47.wav,idx47,cosyvoice2,neutral,neutral,True,0.98066795,0.86643773,0.2186423,19.489155,19.481955,emb,10,0.09999999999999998,disgusted,1.0,True
207,output/sentences/cosyvoice2/fold_3_echo/47.wav,idx47,cosyvoice2,neutral,neutral,True,0.93612367,0.86723673,0.17110157,18.128887,20.312744,emb,10,0.19999999999999996,disgusted,0.5,True
208,output/sentences/cosyvoice2/fold_4_onyx/47.wav,idx47,cosyvoice2,neutral,sad,False,0.7392045,0.7636381,-0.07684165,32.494183,-17.068342,emb,10,1.0,sad,0.6,False
209,output/sentences/cosyvoice2/fold_5_verse/47.wav,idx47,cosyvoice2,neutral,neutral,True,0.8810872,0.86784875,0.117191315,19.211367,20.690447,emb,10,0.4,surprised,0.75,True
210,output/sentences/genai/fold_1_zephyr/47.wav,idx47,genai,neutral,neutral,True,0.9807458,0.87114656,0.19757402,15.137807,12.485423,emb,10,0.19999999999999996,disgusted,0.5,True
211,output/sentences/genai/fold_2_leda/47.wav,idx47,genai,neutral,neutral,True,0.98770267,0.8702096,0.23754907,16.375185,13.284465,emb,10,0.0,,0.0,True
212,output/sentences/genai/fold_3_fenrir/47.wav,idx47,genai,neutral,neutral,True,0.99554753,0.8991307,0.28811133,17.772526,13.697806,emb,10,0.0,,0.0,True
213,output/sentences/genai/fold_4_kore/47.wav,idx47,genai,neutral,neutral,True,0.99898726,0.9190972,0.34908125,15.284027,11.350658,emb,10,0.09999999999999998,disgusted,1.0,True
214,output/sentences/genai/fold_5_charon/47.wav,idx47,genai,neutral,neutral,True,0.98143756,0.8950289,0.20097381,14.8953905,14.699056,emb,10,0.0,,0.0,True
215,output/sentences/openai/fold_1_nova/47.wav,idx47,openai,neutral,neutral,True,0.9845686,0.88590467,0.22953624,18.079943,14.490825,emb,10,0.0,,0.0,True
216,output/sentences/openai/fold_2_coral/47.wav,idx47,openai,neutral,neutral,True,0.9272549,0.87174356,0.14366448,16.398335,15.082684,emb,10,0.0,,0.0,True
217,output/sentences/openai/fold_3_echo/47.wav,idx47,openai,neutral,neutral,True,0.772899,0.857092,0.07122505,15.258965,15.9188595,emb,10,0.19999999999999996,happy,1.0,True
218,output/sentences/openai/fold_4_onyx/47.wav,idx47,openai,neutral,neutral,True,0.9827276,0.8773958,0.22481483,17.743383,15.272929,emb,10,0.0,,0.0,True
219,output/sentences/openai/fold_5_verse/47.wav,idx47,openai,neutral,neutral,True,0.46701592,0.82491773,0.0050682425,18.120716,16.317091,emb,10,0.0,,0.0,True
220,output/sentences/azure/fold_1_en-US-JennyNeural/26.wav,idx26,azure,fearful,fearful,True,0.94404167,0.9397913,0.15190619,-17.04465,-2.4681494,emb,10,0.0,,0.0,True
221,output/sentences/azure/fold_2_en-US-DavisNeural/26.wav,idx26,azure,fearful,fearful,True,0.9718088,0.94283175,0.18094915,-18.439772,-2.3782582,emb,10,0.0,,0.0,True
222,output/sentences/azure/fold_3_en-US-GuyNeural/26.wav,idx26,azure,fearful,fearful,True,0.79655904,0.92465025,0.07279223,-17.113743,-1.068127,emb,10,0.19999999999999996,surprised,1.0,True
223,output/sentences/azure/fold_4_en-US-AriaNeural/26.wav,idx26,azure,fearful,fearful,True,0.9247465,0.93641764,0.14743817,-16.184858,-1.8678977,emb,10,0.19999999999999996,surprised,1.0,True
224,output/sentences/azure/fold_5_en-US-SaraNeural/26.wav,idx26,azure,fearful,fearful,True,0.9707163,0.93487155,0.21635097,-15.491893,-2.2286694,emb,10,0.0,,0.0,True
225,output/sentences/cosyvoice2/fold_1_nova/26.wav,idx26,cosyvoice2,fearful,angry,False,0.8700221,0.8065227,-0.22105134,-44.216797,1.5996709,emb,10,1.0,angry,1.0,True
226,output/sentences/cosyvoice2/fold_2_coral/26.wav,idx26,cosyvoice2,fearful,angry,False,0.73418057,0.82452464,-0.16201252,-44.019207,2.06446,emb,10,1.0,angry,1.0,True
227,output/sentences/cosyvoice2/fold_3_echo/26.wav,idx26,cosyvoice2,fearful,fearful,True,0.7674277,0.8843366,0.100243986,-6.928199,-3.9213874,emb,10,0.09999999999999998,surprised,1.0,True
228,output/sentences/cosyvoice2/fold_4_onyx/26.wav,idx26,cosyvoice2,fearful,fearful,True,0.7114695,0.8522734,0.072715044,-9.195386,-3.0177424,emb,10,0.09999999999999998,surprised,1.0,True
229,output/sentences/cosyvoice2/fold_5_verse/26.wav,idx26,cosyvoice2,fearful,happy,False,0.55798465,0.8201747,-0.12924606,-9.480013,5.599192,emb,10,0.9,surprised,0.7777777777777778,False
230,output/sentences/genai/fold_1_zephyr/26.wav,idx26,genai,fearful,fearful,True,0.8106962,0.90439695,0.073073804,-10.764675,-7.428013,emb,10,0.30000000000000004,sad,1.0,True
231,output/sentences/genai/fold_2_leda/26.wav,idx26,genai,fearful,fearful,True,0.7884632,0.9027229,0.06619769,-10.754492,-6.804775,emb,10,0.19999999999999996,sad,1.0,True
232,output/sentences/genai/fold_3_fenrir/26.wav,idx26,genai,fearful,fearful,True,0.8675107,0.9012772,0.09923661,-12.173308,-6.470321,emb,10,0.0,,0.0,True
233,output/sentences/genai/fold_4_kore/26.wav,idx26,genai,fearful,fearful,True,0.747926,0.86734146,0.058451295,-10.106621,-8.371936,emb,10,0.09999999999999998,sad,1.0,True
234,output/sentences/genai/fold_5_charon/26.wav,idx26,genai,fearful,fearful,True,0.89671785,0.90245545,0.10901451,-11.38637,-7.6299253,emb,10,0.09999999999999998,sad,1.0,True
235,output/sentences/openai/fold_1_nova/26.wav,idx26,openai,fearful,happy,False,0.91212296,0.77374744,-0.15380472,-9.347375,-1.7224168,emb,10,0.6,surprised,1.0,True
236,output/sentences/openai/fold_2_coral/26.wav,idx26,openai,fearful,fearful,True,0.5661846,0.89279616,0.032090545,-13.015055,1.4963862,emb,10,0.4,surprised,1.0,True
237,output/sentences/openai/fold_3_echo/26.wav,idx26,openai,fearful,sad,False,0.52629626,0.85106945,-0.008821249,-9.363003,-4.7044616,emb,10,0.09999999999999998,surprised,1.0,True
238,output/sentences/openai/fold_4_onyx/26.wav,idx26,openai,fearful,sad,False,0.9134263,0.84088254,-0.11818856,-9.182152,-5.6655917,emb,10,0.4,sad,1.0,True
239,output/sentences/openai/fold_5_verse/26.wav,idx26,openai,fearful,fearful,True,0.7399098,0.86309373,0.09473252,-10.2034,-3.0675192,emb,10,0.19999999999999996,surprised,1.0,True
240,output/sentences/azure/fold_1_en-US-JennyNeural/68.wav,idx68,azure,surprised,angry,False,0.89369166,0.86114174,-0.14184517,-15.653204,5.108619,emb,10,0.6,angry,0.6666666666666666,True
241,output/sentences/azure/fold_2_en-US-DavisNeural/68.wav,idx68,azure,surprised,surprised,True,0.49677533,0.89150524,0.038534164,-12.830158,6.5004387,emb,10,0.4,fearful,0.75,True
242,output/sentences/azure/fold_3_en-US-GuyNeural/68.wav,idx68,azure,surprised,surprised,True,0.46614245,0.8906876,0.014257252,-12.144641,7.73427,emb,10,0.5,happy,0.8,True
243,output/sentences/azure/fold_4_en-US-AriaNeural/68.wav,idx68,azure,surprised,surprised,True,0.49017426,0.8850579,0.002166152,-10.453587,22.245214,emb,10,0.7,happy,1.0,True
244,output/sentences/azure/fold_5_en-US-SaraNeural/68.wav,idx68,azure,surprised,surprised,True,0.9619518,0.92533076,0.22742546,-17.845354,17.597734,emb,10,0.0,,0.0,True
245,output/sentences/cosyvoice2/fold_1_nova/68.wav,idx68,cosyvoice2,surprised,surprised,True,0.9567402,0.9064331,0.20392382,-18.574242,18.616692,emb,10,0.0,,0.0,True
246,output/sentences/cosyvoice2/fold_2_coral/68.wav,idx68,cosyvoice2,surprised,surprised,True,0.9470909,0.92248726,0.17356437,-19.307005,17.659105,emb,10,0.19999999999999996,angry,0.5,True
247,output/sentences/cosyvoice2/fold_3_echo/68.wav,idx68,cosyvoice2,surprised,surprised,True,0.93232137,0.9337096,0.15097857,-14.634743,15.343735,emb,10,0.30000000000000004,happy,0.6666666666666666,True
248,output/sentences/cosyvoice2/fold_4_onyx/68.wav,idx68,cosyvoice2,surprised,fearful,False,0.60797113,0.83421075,-0.03279674,33.201813,-19.626732,emb,10,0.9,fearful,0.7777777777777778,False
249,output/sentences/cosyvoice2/fold_5_verse/68.wav,idx68,cosyvoice2,surprised,surprised,True,0.79563844,0.9054675,0.0860523,-20.310297,17.72758,emb,10,0.30000000000000004,fearful,0.6666666666666666,True
250,output/sentences/genai/fold_1_zephyr/68.wav,idx68,genai,surprised,surprised,True,0.65094507,0.90369225,0.034828365,-14.396192,17.458984,emb,10,0.5,happy,1.0,True
251,output/sentences/genai/fold_2_leda/68.wav,idx68,genai,surprised,surprised,True,0.9786486,0.93562144,0.21530777,-19.41691,16.396254,emb,10,0.0,,0.0,True
252,output/sentences/genai/fold_3_fenrir/68.wav,idx68,genai,surprised,surprised,True,0.8467433,0.91454995,0.10423195,-14.218446,17.168186,emb,10,0.19999999999999996,happy,1.0,True
253,output/sentences/genai/fold_4_kore/68.wav,idx68,genai,surprised,happy,False,0.92089427,0.84359926,-0.12307781,-8.5845995,25.637833,emb,10,0.9,happy,1.0,False
254,output/sentences/genai/fold_5_charon/68.wav,idx68,genai,surprised,surprised,True,0.87648165,0.91071606,0.10888833,-15.965353,17.831865,emb,10,0.09999999999999998,happy,1.0,True
255,output/sentences/openai/fold_1_nova/68.wav,idx68,openai,surprised,happy,False,0.5734389,0.87736404,-0.016524732,-12.7323885,14.926437,emb,10,0.8,happy,1.0,True
256,output/sentences/openai/fold_2_coral/68.wav,idx68,openai,surprised,surprised,True,0.96928656,0.939883,0.2085802,-18.19165,14.9357605,emb,10,0.30000000000000004,fearful,0.6666666666666666,True
257,output/sentences/openai/fold_3_echo/68.wav,idx68,openai,surprised,surprised,True,0.6202961,0.86460304,0.04365647,-12.453259,17.495285,emb,10,0.6,neutral,0.5,True
258,output/sentences/openai/fold_4_onyx/68.wav,idx68,openai,surprised,surprised,True,0.98630464,0.9460281,0.27232313,-18.342432,16.685995,emb,10,0.0,,0.0,True
259,output/sentences/openai/fold_5_verse/68.wav,idx68,openai,surprised,surprised,True,0.47803044,0.8934908,0.008013785,-15.114055,3.9531558,emb,10,0.4,fearful,0.5,True
260,output/sentences/azure/fold_1_en-US-JennyNeural/59.wav,idx59,azure,sad,sad,True,0.99891794,0.8986454,0.38334283,29.242401,-13.102148,emb,10,0.0,,0.0,True
261,output/sentences/azure/fold_2_en-US-DavisNeural/59.wav,idx59,azure,sad,sad,True,0.9159806,0.8873688,0.12291652,20.26984,-19.075104,emb,10,0.7,fearful,1.0,True
262,output/sentences/azure/fold_3_en-US-GuyNeural/59.wav,idx59,azure,sad,sad,True,0.9991217,0.9222226,0.4009688,26.379387,-9.024397,emb,10,0.0,,0.0,True
263,output/sentences/azure/fold_4_en-US-AriaNeural/59.wav,idx59,azure,sad,sad,True,0.9896408,0.8836591,0.2652942,29.46477,-11.726375,emb,10,0.09999999999999998,angry,1.0,True
264,output/sentences/azure/fold_5_en-US-SaraNeural/59.wav,idx59,azure,sad,sad,True,0.99891734,0.9070822,0.3474649,28.52005,-16.212587,emb,10,0.0,,0.0,True
265,output/sentences/cosyvoice2/fold_1_nova/59.wav,idx59,cosyvoice2,sad,sad,True,0.9002729,0.83986074,0.13194025,30.29416,-17.457876,emb,10,0.19999999999999996,fearful,0.5,True
266,output/sentences/cosyvoice2/fold_2_coral/59.wav,idx59,cosyvoice2,sad,sad,True,0.98815674,0.88241094,0.22760546,29.513588,-17.45411,emb,10,0.0,,0.0,True
267,output/sentences/cosyvoice2/fold_3_echo/59.wav,idx59,cosyvoice2,sad,sad,True,0.91519034,0.8633951,0.17421919,19.133762,-3.547872,emb,10,0.30000000000000004,angry,0.3333333333333333,True
268,output/sentences/cosyvoice2/fold_4_onyx/59.wav,idx59,cosyvoice2,sad,sad,True,0.8521095,0.87318957,0.10869026,21.774807,-3.8898618,emb,10,0.09999999999999998,angry,1.0,True
269,output/sentences/cosyvoice2/fold_5_verse/59.wav,idx59,cosyvoice2,sad,sad,True,0.755343,0.84213835,0.08398688,22.08334,-2.1356206,emb,10,0.30000000000000004,angry,0.3333333333333333,True
270,output/sentences/genai/fold_1_zephyr/59.wav,idx59,genai,sad,sad,True,0.99916947,0.9236906,0.3570619,25.98746,-17.572815,emb,10,0.0,,0.0,True
271,output/sentences/genai/fold_2_leda/59.wav,idx59,genai,sad,sad,True,0.99737704,0.9344921,0.29728538,25.511585,-16.145647,emb,10,0.0,,0.0,True
272,output/sentences/genai/fold_3_fenrir/59.wav,idx59,genai,sad,sad,True,0.99904484,0.9200604,0.35313487,26.70313,-17.165117,emb,10,0.0,,0.0,True
273,output/sentences/genai/fold_4_kore/59.wav,idx59,genai,sad,sad,True,0.9933473,0.91324687,0.25200355,24.523285,-18.241083,emb,10,0.0,,0.0,True
274,output/sentences/genai/fold_5_charon/59.wav,idx59,genai,sad,sad,True,0.99710053,0.9117391,0.29210633,26.833984,-18.310581,emb,10,0.0,,0.0,True
275,output/sentences/openai/fold_1_nova/59.wav,idx59,openai,sad,sad,True,0.7764405,0.8505213,0.099577606,21.030394,-3.5687509,emb,10,0.09999999999999998,angry,1.0,True
276,output/sentences/openai/fold_2_coral/59.wav,idx59,openai,sad,sad,True,0.99853384,0.9298024,0.3571872,26.02136,-7.767988,emb,10,0.09999999999999998,angry,1.0,True
277,output/sentences/openai/fold_3_echo/59.wav,idx59,openai,sad,neutral,False,0.8459065,0.777853,-0.16897643,20.581923,-0.09484933,emb,10,0.5,angry,0.4,True
278,output/sentences/openai/fold_4_onyx/59.wav,idx59,openai,sad,sad,True,0.9990024,0.938709,0.34628272,26.387268,-15.526476,emb,10,0.0,,0.0,True
279,output/sentences/openai/fold_5_verse/59.wav,idx59,openai,sad,sad,True,0.99772066,0.91482013,0.32632154,25.257236,-7.6046367,emb,10,0.0,,0.0,True
